from_id,distancia_centro,distancia_ensino_superior,distancia_hospitais,distancia_parques,distancia_rodovias,distancia_arteriais,distancia_trem,distancia_metro,distancia_metro_novo_linha_violeta
1015,39180,15660,5400,6420,27480,4320,12780,25020,25020
1016,38700,15180,4440,5460,27000,3360,12300,24540,24540
1017,37020,13440,3060,4080,25320,1980,10620,22860,22860
1018,36300,12780,5100,5640,24600,2880,9900,22140,22140
1019,35040,11520,1440,2220,23340,60,8640,20880,20880
1020,36120,12600,1320,1560,24420,1380,9780,21960,21960
1021,37980,14760,2640,1800,26100,2820,11880,24060,24060
1022,35520,12240,3360,2520,23580,3540,9420,21600,21600
1023,35280,12660,4620,3780,23400,3780,9480,21360,21360
1024,35760,13140,9180,8040,23880,1260,9960,21840,21840
1025,35580,12960,7380,6540,23700,0,9780,21660,21660
1026,37140,14460,8880,8040,25200,720,11280,23220,23220
1027,40620,17940,12360,11580,28680,1680,14760,26700,26700
1028,42180,19500,13980,13140,30300,3240,16380,28260,28260
1029,43920,21240,15720,14880,32040,3180,18120,30000,30000
1030,59940,37260,26640,26040,48060,26100,34140,46020,46020
105,59220,35700,23220,23280,47520,18540,32820,45060,45060
106,59520,36000,23520,23580,47880,18900,33180,45360,45360
1061,39720,16200,9000,10020,28020,7920,13320,25560,25560
1062,40200,16680,7200,8220,28500,6120,13800,26040,26040
1063,38220,14700,6660,7620,26520,4800,11820,24060,24060
1064,36840,13320,5520,6180,25140,3420,10440,22680,22680
1065,35580,12060,4380,4980,23880,2160,9180,21420,21420
1066,34800,11280,3240,3780,23160,1020,8460,20640,20640
1067,35100,11580,2520,3060,23400,600,8700,20940,20940
1068,35580,12060,3360,3900,23880,1380,9180,21420,21420
1069,34140,10620,4620,4200,22440,2700,7740,19980,19980
107,59220,35700,23160,23280,47520,18540,32820,45060,45060
1070,34560,11940,4740,3900,22680,3060,8760,20640,20640
1071,33780,11160,5160,4380,21900,2280,7980,19860,19860
1072,35400,12720,8760,7620,23460,840,9540,21480,21480
1073,35160,12480,8220,7380,23220,420,9300,21240,21240
1074,37620,14940,9420,8580,25740,0,11820,23700,23700
1075,39300,16680,11100,10260,27420,420,13500,25380,25380
1076,43140,20460,14880,14100,31200,2340,17280,29220,29220
1077,43380,20700,15180,14340,31500,2640,17580,29460,29460
1078,43440,20760,15240,14400,31500,2640,17580,29520,29520
108,59520,36000,23520,23640,47880,18900,33180,45360,45360
1109,39300,15780,9960,10920,27600,8100,12900,25140,25140
1110,38220,14700,10260,10800,26520,7020,11820,24060,24060
1111,37620,14100,7080,8040,25920,4380,11220,23460,23460
1112,36840,13260,6780,7320,25140,3600,10440,22680,22680
1113,35580,12060,5580,6120,23880,2340,9180,21420,21420
1114,34200,10680,4200,4740,22500,960,7860,20040,20040
1115,32880,9360,3600,4140,21180,60,6480,18720,18720
1116,32880,9360,6360,6120,21180,1380,6540,18720,18720
1117,33360,9840,6000,5580,21720,3480,6960,19200,19200
1118,33300,9780,6840,6360,21600,3420,6900,19140,19140
1119,32880,10260,6240,5100,21000,1380,7080,18960,18960
1120,32880,10260,7680,5100,21000,1380,7080,18960,18960
1121,33480,10860,8940,5700,21600,360,7680,19560,19560
1122,40200,17520,12000,11160,28320,1260,14400,26280,26280
1123,39900,17280,11700,10860,28020,1020,14100,25980,25980
1124,40320,17700,12120,11280,28440,600,14520,26400,26400
1125,42180,19560,13980,13140,30300,1440,16380,28260,28260
1126,43200,20580,15000,14160,31320,2460,17400,29280,29280
1158,37620,14100,9660,10200,25920,6420,11220,23460,23460
1159,36420,12900,8460,9000,24720,5220,10020,22260,22260
1160,35880,12360,7080,7620,24180,3840,9480,21720,21720
1161,36000,12480,9540,9240,24300,6300,9660,21840,21840
1162,33420,9900,5760,6300,21780,1560,7080,19260,19260
1163,32280,8760,5040,5520,20580,420,5880,18120,18120
1164,31920,8400,5400,5160,20220,420,5580,17760,17760
1165,31740,8220,6840,4980,20040,1860,5340,17580,17580
1166,32820,10140,9660,5040,20940,2040,7020,18900,18900
1167,31920,9300,8760,4200,20040,1140,6120,18000,18000
1168,31860,9300,8700,4200,19980,1080,6180,17940,17940
1169,33300,10620,8760,5520,21360,960,7440,19380,19380
1170,34500,11820,9960,6720,22620,2160,8700,20580,20580
1171,42060,19380,13800,12960,30120,1140,16200,28140,28140
1172,41220,18540,12960,12120,29280,300,15360,27300,27300
1173,42120,19440,13920,13080,30240,960,16320,28200,28200
1174,42780,20160,14580,13740,30900,1680,16980,28860,28860
1206,37980,14460,12480,11220,26280,8280,11580,23820,23820
1207,36840,13320,8880,9420,25140,5640,10440,22680,22680
1208,35040,11520,9480,8280,23340,5280,8640,20880,20880
1209,33840,10320,8700,7080,22140,4140,7440,19680,19680
1210,33240,9720,7500,6480,21540,2880,6840,19080,19080
1211,31200,7680,5940,4440,19560,1380,4860,17100,17100
1212,30540,7020,6540,3780,18840,300,4140,16380,16380
1213,30660,7080,6720,3900,18960,1320,4260,16500,16500
1214,30540,7020,6660,3780,18720,1140,3720,16380,16380
1215,30480,7800,7320,2760,18600,480,4500,16560,16560
1216,30540,8520,7320,2940,18660,600,5400,16620,16620
1217,30780,8820,7620,3240,18900,1860,5940,16920,16920
1218,32400,10560,9240,4920,20520,4080,7680,18540,18540
1219,32700,10860,9540,5220,20820,4380,7980,18840,18840
1220,42660,19980,14400,13560,30720,0,16800,28740,28740
1221,43620,21000,15420,14580,31740,300,17820,29700,29700
1222,36420,12540,25320,22620,24000,18240,22560,25860,25860
1254,37380,13860,11880,10620,25680,7680,10980,23220,23220
1255,36780,13260,11280,10020,25140,7080,10440,22620,22620
1256,35520,12000,10020,8760,23820,5820,9120,21360,21360
1257,33540,10020,8820,6780,21840,3960,7140,19380,19380
1258,32280,8760,8100,5520,20580,2640,5880,18120,18120
1259,31500,7980,7620,4740,19860,1920,5160,17400,17400
1260,29580,6060,5640,2820,17880,300,3180,15420,15420
1261,29220,5700,5340,2640,17520,300,2580,15060,15060
1262,29340,6060,5700,2520,17460,60,2760,15420,15420
1263,29160,6480,6000,1680,17280,360,3360,15240,15240
1264,29520,7500,6300,1860,17580,1680,4620,15600,15600
1265,29760,8040,6600,2280,17880,2160,5160,15900,15900
1266,32100,10200,8880,4560,20160,3720,7320,18180,18180
1267,33000,11160,9840,5520,21120,4680,8220,19080,19080
1268,43980,21300,15780,14940,32040,240,18120,30060,30060
1269,44760,22140,16560,15720,32880,1020,18960,30840,30840
1304,35940,12420,11760,9180,24240,6300,9540,21780,21780
1305,34500,10980,10380,7740,22800,4920,8100,20340,20340
1306,33360,9840,9240,6600,21720,3780,7020,19200,19200
1307,32100,8580,8220,5340,20400,2520,5700,17940,17940
1308,29160,5640,5220,2400,17460,840,2760,15000,15000
1309,28140,4620,4260,1680,16440,420,1500,13980,13980
1310,28140,5040,4680,2340,16260,1200,1620,14220,14220
1311,28080,5400,4860,1200,16140,1560,2520,14160,14160
1312,28080,6300,4860,720,16140,1500,3720,14160,14160
1313,29160,7440,6000,1560,17280,1320,5040,15300,15300
1314,30960,9240,7800,2640,19080,2460,6960,17100,17100
1315,30600,8880,7440,1500,18720,240,6780,16740,16740
1316,45180,22560,16980,16140,33300,780,19380,31260,31260
1352,36960,13440,12840,10200,25260,7380,10560,22800,22800
1353,35580,12000,11400,8820,23880,5940,9180,21420,21420
1354,36900,13380,12780,10140,25200,7320,10500,22740,22740
1355,33420,9900,9480,6660,21720,3840,7020,19260,19260
1356,28200,4440,4080,2280,16680,1560,2760,13980,13980
1357,27060,3540,3180,1020,15420,0,1200,12900,12900
1358,27420,4320,3960,2700,15540,1200,840,13500,13500
1359,27000,4500,3840,2820,15120,1020,2220,13080,13080
1360,27180,5400,3960,1680,15240,480,3300,13260,13260
1361,28140,6420,4980,1680,16260,240,4320,14280,14280
1362,29160,7440,5940,1080,17280,360,5280,15240,15240
1363,30180,8400,6960,780,18240,1380,6300,16260,16260
1398,29880,10800,7260,5100,18480,2100,14220,11160,11160
1399,30600,11460,7980,5760,19200,2820,14940,11880,11880
1400,37020,13500,12900,10260,25320,7440,10620,22860,22860
1401,37020,13500,12900,10260,25380,7440,10680,22920,22920
1402,36540,13020,12420,9780,24840,6900,10140,22380,22380
1403,34020,10500,10140,7260,22320,4440,7620,19860,19860
1404,27360,3660,3240,3060,15840,1680,2460,13200,13200
1405,26520,2760,2400,2220,15000,600,1320,12300,12300
1406,25800,2880,2460,2820,13920,600,1500,11760,11760
1407,25800,3840,2640,2700,13920,480,1920,11880,11880
1408,25860,4560,2820,2700,13980,420,2280,12240,12240
1409,28680,6900,5460,2640,16740,900,4800,14760,14760
1410,29820,8100,6660,780,17940,1080,5940,15900,15900
1411,31560,9840,8400,2520,19680,3060,7680,17640,17640
1445,29400,9480,6120,3900,17340,300,13800,10020,10020
1446,28740,9660,6120,3900,17340,960,13080,10020,10020
1447,28740,10560,6720,5220,18000,2280,13080,10680,10680
1448,28500,10320,6540,4980,17760,3000,12900,10440,10440
1449,29760,11580,7800,6240,19020,4260,14160,11700,11700
1450,29760,11580,7740,6240,19020,4260,14100,11700,11700
1451,34740,11220,10800,7980,23040,5160,8340,20580,20580
1452,27780,4020,3660,3720,16260,2220,2940,13560,13560
1453,25380,1560,1080,1200,14340,1080,2700,11160,11160
1454,24780,1620,1680,2040,13260,240,1560,10620,10620
1455,24480,2940,1320,1500,12600,60,600,10560,10560
1456,24660,4020,1800,1500,12780,900,1740,11220,11220
1457,30540,8760,7320,2400,18600,2340,6660,16620,16620
1458,30900,9120,7680,1860,18960,2340,7020,16980,16980
1459,31320,9600,8160,2340,19440,2820,7440,17400,17400
1493,28380,8580,5040,2880,16260,720,12720,8940,8940
1494,28320,8520,4980,2820,16200,600,12660,8880,8880
1495,27480,9300,5460,3960,16680,1980,11820,9420,9420
1496,27600,9360,5580,4020,16800,2040,11940,9540,9540
1497,28440,10260,6480,4920,17700,2940,12840,10380,10380
1498,29100,10920,7140,5580,18360,3600,13500,11040,11040
1499,25440,2280,1860,1560,14700,3300,4680,11220,11220
1500,24900,1500,1080,660,14100,2400,3900,10680,10680
1501,24000,360,360,540,13200,1740,2880,9780,9780
1502,23820,1500,1860,1920,12360,540,1740,9600,9600
1503,23400,2700,420,1140,11520,480,900,9900,9900
1504,23460,3600,1380,540,11580,1080,1320,9960,9960
1505,25440,5460,2580,2280,13560,2460,3060,11940,11940
1506,31680,9900,8460,2940,19740,3360,7800,17760,17760
1507,32160,10380,8940,3420,20220,3840,8280,18240,18240
153,58560,35040,22560,22620,46860,17880,32160,44400,44400
154,59520,36000,23520,23580,47820,18900,33120,45360,45360
1541,27720,7920,4380,2220,15600,780,12060,8340,8340
1542,27180,7380,3840,1680,15060,120,11520,7740,7740
1543,26340,8100,4320,2760,15540,780,10680,8280,8280
1544,26640,8460,4680,3120,15900,1140,10980,8580,8580
1545,27840,9600,5820,4260,17040,2280,12180,9720,9720
1546,26280,9060,1620,4620,15780,4320,10620,9540,9540
1547,26520,9300,1860,4860,16020,4500,10860,9780,9780
1548,24540,2280,2460,1080,13800,2400,3780,10380,10380
1549,23640,1680,1860,120,12840,1440,2880,9420,9420
155,58200,34680,22140,22260,46500,17520,31800,44040,44040
1550,22740,1980,1620,1500,11520,540,1500,8520,8520
1551,22380,1920,1560,1980,10500,540,780,8580,8580
1552,23340,3480,2040,1440,11460,960,1320,9840,9840
1553,24360,4560,2880,2220,12480,1980,2400,10920,10920
1554,32640,10920,9480,3900,20760,4320,8760,18720,18720
1555,21720,6840,7740,4320,8880,3240,8940,10380,10380
1556,21960,3000,7980,4560,8880,1440,9180,10620,10620
1557,21480,2220,7500,4080,8340,660,8760,10200,10200
156,58260,34740,22260,22320,46560,17580,31860,44100,44100
1589,26520,6120,3180,1380,14280,1080,10860,7020,7020
1590,26580,6780,3240,1080,14460,480,10920,7140,7140
1591,24960,6780,2940,2580,14220,480,9300,6900,6900
1592,28080,9900,6120,4560,17340,2580,12480,10020,10020
1593,24780,7560,2040,3120,14220,2760,9120,8040,8040
1594,25440,8220,780,3840,14940,3480,9840,8700,8700
1595,26220,9060,1620,4620,15720,4260,10620,9540,9540
1596,23220,3000,2460,1260,13080,1500,3600,9060,9060
1597,21300,1980,1260,1260,12180,120,2760,7080,7080
1598,21480,600,540,1500,10740,120,2040,7320,7320
1599,21720,1140,1380,2460,9780,420,1140,7800,7800
1600,21660,2580,2700,2760,9780,660,1200,8160,8160
1601,25380,5520,3840,3180,13440,3000,3360,11880,11880
1602,20820,5940,6840,3420,7980,2400,8100,9540,9540
1603,20640,5760,6660,3180,7800,2160,7860,9300,9300
1604,20640,5760,6720,3240,7800,2220,7920,9360,9360
1605,20460,2220,6480,3060,7320,240,7740,9120,9120
1606,20100,1080,8040,4680,6960,480,9420,8880,8880
1637,25740,5280,2460,1560,13380,1200,10080,6240,6240
1638,24780,5220,1440,1140,12660,60,9120,5400,5400
1639,23880,5760,1980,1500,13200,60,8220,5940,5940
1640,23760,6420,2640,420,13080,960,8100,6240,6240
1641,23400,6180,1320,1740,12900,1380,7740,6660,6660
1642,24600,7380,600,2940,14040,2580,8940,7860,7860
1643,26220,9000,1860,4620,15720,4260,10620,9480,9480
1644,20640,2340,1860,1200,12660,600,4020,6420,6420
1645,20220,1500,1200,1080,11820,300,3180,6000,6000
1646,20460,600,660,2040,10860,120,2220,6300,6300
1647,21000,1620,1860,3300,9240,780,960,6840,6840
1648,21420,7260,6900,6840,15060,5400,6180,7140,7140
1649,19260,5040,3180,3540,7140,780,3360,7440,7440
1650,18900,5460,3720,2220,6360,1080,4260,7800,7800
1651,18960,4500,4980,1500,6120,780,6180,7620,7620
1652,18900,3420,4980,1500,6060,180,6180,7620,7620
1653,19080,2940,6360,2880,6000,900,7560,7860,7860
1685,25440,3420,2100,1200,11580,1500,9780,5160,5160
1686,24240,4140,900,1920,11640,360,8580,4380,4380
1687,23400,4560,780,2940,11700,420,7800,4380,4380
1688,22440,5220,2340,1200,11760,0,6780,5040,5040
1689,22080,4860,2760,540,11520,780,6420,5340,5340
1690,21180,3960,5100,2820,11880,960,5520,5340,5340
1691,21060,3840,5340,2640,11700,840,5400,5160,5160
1692,19680,3000,2820,1020,12840,600,4440,5520,5520
1693,19200,2340,2340,720,11940,180,3600,4980,4980
1694,19320,1740,1800,1860,11100,120,2820,5160,5160
1695,19920,5760,5460,5400,13620,3960,4680,5700,5700
1696,19200,3360,2220,4320,7380,180,1740,5640,5640
1697,18300,3840,1800,3360,6180,420,2640,6300,6300
1698,17820,4560,2820,2040,5460,180,3780,6720,6720
1699,17700,4140,3720,1260,4920,240,4920,6480,6480
1700,17520,3300,4680,360,4680,660,5880,6240,6240
1733,24480,2340,2580,540,10440,780,9780,4020,4020
1734,23700,2940,2040,1740,10560,1140,8640,3300,3300
1735,22440,3420,1200,2760,10560,180,6780,3300,3300
1736,21960,4740,2280,1680,10860,240,6300,3960,3960
1737,21120,3900,3300,1260,10800,180,5520,4740,4740
1738,20340,3120,4680,2760,10440,1080,4740,4500,4500
1739,20040,2820,5640,1680,10740,540,4380,4200,4200
1740,18900,4140,3960,2160,12540,780,3600,4680,4680
1741,18060,3360,3420,1680,11700,240,2760,3840,3840
1742,18360,2760,2820,2340,11820,60,3060,4200,4200
1743,18060,1920,1440,4560,8160,60,1560,4140,4140
1744,17820,2880,1260,4860,7440,120,3120,4860,4860
1745,17580,2940,900,3780,6240,900,3420,5580,5580
1746,16680,3240,2400,2820,4740,1140,4380,5640,5640
1747,16380,3720,3360,1860,3840,240,5100,5280,5280
1748,16500,2940,4080,1560,3720,180,6360,5220,5220
1749,16440,1380,4020,2700,3540,120,7740,5160,5160
1781,24000,1800,2940,1800,9900,300,9360,3480,3480
1782,22740,1920,2400,1560,9540,900,8100,2400,2400
1783,22260,2700,2340,1620,9360,300,7140,2100,2100
1784,21300,4080,2640,2820,9660,420,5640,3000,3000
1785,19980,2760,3480,2340,9360,240,4380,3240,3240
1786,19200,1980,3660,1620,9360,300,3540,3360,3360
1787,19020,1800,4680,120,9720,300,3360,3120,3120
1788,17520,2100,3000,180,10260,840,2220,2760,2760
1789,17040,2820,2520,1500,10680,60,1740,2820,2820
1790,17040,660,2040,3240,9000,180,780,2880,2880
1791,17100,1080,780,4200,8040,540,1260,3600,3600
1792,16500,1500,480,3720,6840,360,2520,4080,4080
1793,16140,1500,1260,2700,5580,600,3780,4980,4980
1794,15540,2160,2580,1680,4140,60,5160,4500,4500
1795,15180,3300,2520,1920,3120,540,5760,4080,4080
1796,15180,2640,2580,2340,2340,120,6900,3840,3840
1797,15240,1860,3300,3240,2160,420,7980,4020,4020
1829,23340,1260,2280,2400,8880,900,8820,2820,2820
1830,22200,1320,1140,840,8160,420,7680,1680,1680
1831,21240,2220,1020,960,8040,0,6660,780,780
1832,20400,3420,1740,2220,8160,1020,5820,1380,1380
1833,19440,2880,2340,3060,8160,1380,4440,2520,2520
1834,18720,2160,2340,2460,7980,660,3720,3120,3120
1835,17640,420,3420,1440,8520,0,1980,1800,1800
1836,17160,1380,2640,960,9540,0,1860,1980,1980
1837,16020,1860,1560,1500,9720,0,780,1920,1920
1838,16560,1080,2100,3000,9420,480,1500,2400,2400
1839,15780,1320,1500,3960,7500,240,2220,2580,2580
1840,15840,900,1500,3480,6720,600,3360,3660,3660
1841,15000,780,2040,2100,5280,180,4080,4260,4260
1842,14580,2160,1620,780,3960,360,5400,3540,3540
1843,13980,3480,1320,780,2700,180,6720,2940,2940
1844,13920,3240,1680,1980,1500,660,7560,2640,2640
1845,13800,2820,2400,3120,540,360,8400,2580,2580
1877,22200,2100,2400,2520,7440,900,9000,2940,2940
1878,22020,1680,1260,1680,7320,660,7860,1800,1800
1879,21000,2700,1020,2160,7140,540,6540,720,720
1880,19800,3180,1500,2520,6840,120,5280,1020,1020
1881,19380,3660,1680,3840,7080,960,4800,1320,1320
1882,17880,2460,1440,3600,6840,900,3300,1980,1980
1883,17460,1020,2400,2880,7140,420,2820,1980,1980
1884,16140,840,1920,2400,8580,240,480,300,300
1885,15840,780,1680,3120,8460,360,840,1020,1020
1886,14700,660,780,2700,8580,0,1620,960,960
1887,14700,1680,1800,3000,7560,180,2280,1860,1860
1888,14400,1320,960,2400,6240,360,3360,3060,3060
1889,14040,1320,1260,2040,4920,420,4440,3960,3960
1890,13680,2400,1200,1020,3780,240,5760,2880,2880
1891,13020,3300,120,960,2880,1080,6840,2040,2040
1892,12780,3000,660,2520,1560,840,8340,1500,1500
1893,12840,3120,2100,3300,420,240,9180,1680,1680
1894,14160,2340,2820,5760,3900,720,9720,5220,5220
1895,14100,2700,2760,5700,3840,540,8880,5160,5160
1925,21120,3360,2700,3480,6420,120,9120,3240,3240
1926,20640,2880,1860,2640,5940,240,7740,2400,2400
1927,20580,3420,2160,2940,5820,840,6420,2160,2160
1928,19620,4260,1620,3780,5940,360,5160,720,720
1929,18360,3660,360,3900,5820,180,3900,960,960
1930,17460,2640,1200,3540,5820,420,2880,1080,1080
1931,16320,1380,2580,2400,6000,60,1740,840,840
1932,15480,600,2040,2940,6720,300,1200,1620,1620
1933,14460,900,600,2160,7800,300,1620,1080,1080
1934,13500,600,240,1440,8460,0,2160,300,300
1935,13560,1320,1440,1980,7620,960,2940,1380,1380
1936,13860,2400,2040,1860,7500,1200,3840,2220,2220
1937,12900,2400,840,1320,4860,300,4860,3060,3060
1938,12720,2880,1440,1860,3660,900,5700,2820,2820
1939,12300,2460,1260,2280,2340,1440,6780,1500,1500
1940,11700,1920,720,1920,1140,360,8040,300,300
1941,12060,2280,1260,2460,240,720,8820,900,900
1942,12060,3360,720,3660,1800,0,8400,3120,3120
1943,12900,2520,3420,5700,3000,0,7680,5100,5100
1944,13200,1680,4440,6360,2040,600,7320,5760,5760
1945,13800,1560,4560,7800,1500,1080,6900,6660,6660
1974,19560,3900,2820,3600,4860,0,7740,3300,3300
1975,19320,4380,3000,3900,4620,240,6300,2100,2100
1976,18840,4140,2760,3720,4140,900,5220,1980,1980
1977,18060,3720,2100,3660,4200,840,3900,1080,1080
1978,16920,2520,1680,2880,5160,0,2760,540,540
1979,15660,2640,3840,1620,5220,900,2880,2040,2040
1980,14340,1020,2280,2280,6900,0,300,2040,2040
1981,13800,1200,1560,1140,6780,420,1560,1740,1740
1982,12720,1200,1620,780,8460,420,2100,600,600
1983,12360,1260,1860,1560,7800,240,2460,840,840
1984,12300,1800,900,720,6360,660,3360,1440,1440
1985,11820,3300,1140,1500,4980,0,4320,2580,2580
1986,12000,2820,1860,540,4020,360,5280,2940,2940
1987,11040,1440,1740,1320,2760,300,6240,1560,1560
1988,10560,780,540,660,1560,300,7500,540,540
1989,11220,1500,1320,1800,600,960,7920,1200,1200
1990,11520,2820,1020,3120,1200,540,7800,2520,2520
1991,11820,2760,3120,4620,2400,0,6600,4020,4020
1992,12060,1980,3300,5760,2220,420,6540,4920,4920
1993,12600,60,3300,6840,540,420,5760,5460,5460
1994,13140,1440,3600,7680,960,480,5940,6000,6000
2007,23520,3360,4200,2940,17280,480,4260,4500,4500
2008,24900,3660,5520,2880,18660,1920,4560,5820,5820
2009,25860,4320,6540,3120,19620,2880,5220,6840,6840
201,57060,33540,21060,21120,45360,16380,30660,42900,42900
202,57720,34200,21720,21780,46020,17040,31320,43560,43560
2023,18180,3420,4080,3000,3420,180,6720,3120,3120
2024,18060,3300,4200,2880,3360,660,6180,3300,3300
2025,17220,3600,2940,3000,3660,1740,4740,1920,1920
2026,16320,3480,3060,2580,3600,540,3720,1860,1860
2027,15660,3180,3420,1680,3720,540,3360,2160,2160
2028,14220,3000,3060,1380,5220,1200,3180,2880,2880
2029,12960,360,2760,1800,7320,360,360,2220,2220
203,56940,33420,20940,21000,45240,16320,30540,42780,42780
2030,12120,900,2100,1380,7860,420,1380,1080,1080
2031,11400,420,1980,1980,7620,420,1740,660,660
2032,11220,1740,1680,1620,6420,180,2700,960,960
2033,10980,3060,1920,1440,5100,0,3900,1620,1620
2034,10260,3960,1920,1860,5220,180,4860,2700,2700
2035,10200,1320,2100,1620,2700,540,6540,1560,1560
2036,10140,780,1680,1080,1560,360,7020,960,960
2037,10320,1260,1800,1560,540,240,7860,1200,1200
2038,10380,2520,1800,2820,960,360,5940,2340,2340
2039,10860,2580,2700,4080,1920,480,5340,3300,3300
204,57300,33780,21300,21360,45600,16680,30900,43140,43140
2040,10920,1980,2040,5220,960,0,5400,3720,3720
2041,11400,1980,1800,5880,900,600,4380,4140,4140
2042,11760,1260,2760,6660,1860,120,3600,4500,4500
2054,21840,5280,2520,2880,15840,1200,5880,2880,2880
2055,22500,4740,3120,2100,16860,1080,5580,3420,3420
2056,24060,4800,4680,1680,18480,1140,5700,4980,4980
2057,24900,5520,5820,1860,19620,1740,6420,5640,5640
2058,27960,7800,6900,4560,23220,1800,10620,9240,8580
2059,30000,9300,8940,6540,25080,1320,9840,11280,10440
2060,28140,7920,7080,4800,23400,2040,12300,9480,7800
2072,16440,1680,4860,1260,1740,240,6420,3840,3840
2073,16560,1860,4200,1380,1860,900,5460,3180,3180
2074,15240,2640,4080,2220,2280,60,4620,2880,2880
2075,14460,3540,3600,2820,3240,300,4500,3120,3120
2076,13860,2640,2760,2940,6240,1560,3720,4560,4560
2077,12480,1260,1380,3660,5520,420,2340,3360,3360
2078,11700,1680,1500,2700,7080,240,120,2040,2040
2079,10560,1380,840,2940,6900,0,1380,1140,1140
2080,9960,1980,1620,2880,6540,60,2640,300,300
2081,9660,3000,1620,2700,5520,480,3300,1380,1380
2082,9420,3240,1020,2760,4680,180,4620,1740,1740
2083,9060,1800,960,2220,3240,180,5520,1740,1740
2084,8700,480,1260,2100,2580,360,6660,660,660
2085,8520,720,540,2520,2040,0,6420,720,720
2086,9600,1920,1500,3600,2280,360,5340,1980,1980
2087,10140,1920,1920,4440,1740,420,4740,3000,3000
2088,10020,1680,960,4500,480,120,4380,2820,2820
2089,10200,2400,1140,5100,840,240,3600,2940,2940
2090,10920,900,2280,5880,1920,960,2580,3780,3780
2098,17940,4980,2280,720,11940,1200,4980,1260,1260
2099,18660,5340,2280,780,12720,1680,5040,1800,1800
2100,19260,6420,2040,2220,13920,1020,4920,1440,1440
2101,20280,6600,1200,2340,14460,300,5100,1500,1500
2102,21000,6000,1620,1980,15600,360,6240,1860,1860
2103,22500,6120,3240,1020,17400,540,6960,3180,3180
2104,23280,5940,4200,180,18420,60,6840,4020,4020
2105,24480,5700,4560,1320,19680,540,8160,5220,5220
2106,26160,6360,5460,2220,21360,60,9840,6900,6900
2107,26640,6420,5520,3360,21840,720,10740,8100,6180
2108,27480,7260,6420,4260,22740,1680,10860,9120,6180
2121,15000,780,4860,1440,420,300,6660,4140,4140
2122,15060,1800,4560,1740,1440,180,5880,4140,4140
2123,14280,3000,3420,2640,2640,540,5100,4080,4080
2124,12660,2160,1800,3720,3840,120,3480,3000,3000
2125,12000,1080,1440,3120,4800,420,2760,3660,3660
2126,12540,840,1080,3720,5340,120,2460,3480,3480
2127,10020,2340,720,3300,6240,360,1320,1320,1320
2128,9000,1860,1020,3540,6480,420,2040,1140,1140
2129,8760,1680,900,3480,5460,0,3180,540,540
2130,8340,2040,420,3480,4980,480,3900,900,900
2131,7980,2100,540,3180,4260,120,5220,1800,1800
2132,7560,1440,900,2400,3780,480,6300,600,600
2133,7740,1380,720,2340,3120,600,6060,600,600
2134,8160,2040,360,2640,2820,540,4800,1800,1800
2135,8640,900,1080,3480,1440,600,3780,1560,1560
2136,8940,840,900,3480,300,360,3240,1680,1680
2137,9180,1800,540,4080,720,60,3000,1920,1920
2138,9720,1500,1560,4740,1980,0,1800,2580,2580
2143,14340,3240,2640,3540,9060,1260,2640,1920,1920
2144,15120,3660,1440,2340,9780,180,3060,1740,1740
2145,16020,5280,1140,2040,11220,1380,4680,1680,1680
2146,16560,5400,1140,1500,11940,180,5100,540,540
2147,17460,5940,480,960,12660,60,5700,600,600
2148,18420,7080,1020,1620,13740,240,5700,420,420
2149,19740,6360,660,1500,15120,60,5880,360,360
2150,21480,6360,2580,840,16980,1440,7800,2160,2160
2151,21780,4980,2460,1320,17280,840,7920,2460,2460
2152,23100,4680,2580,1920,18480,780,7980,3780,3780
2153,25380,5280,4380,240,20700,1380,9600,7020,6540
2154,25380,5220,4320,1860,20640,300,9540,7080,6060
2155,26040,5880,4980,2820,21300,780,10200,7800,5520
2156,27480,7020,5160,4320,22440,2220,9480,9240,4740
2157,28020,7560,2340,2760,22680,3360,9720,10380,4020
2164,20100,5880,5400,2520,1260,4320,10620,9480,9480
2165,18780,4560,4800,3060,2100,3720,10140,8160,8160
2166,18420,3600,4860,4080,2700,3720,10200,7380,7380
2169,14520,1080,4380,780,1020,180,7200,3660,3660
2170,13680,1800,3480,1020,1440,240,6300,2760,2760
2171,13380,3300,2700,2580,2580,1020,5280,2520,2520
2172,12600,3120,1440,2640,3180,300,4680,1980,1980
2173,10920,2100,1080,2040,3720,120,3600,2940,2940
2174,10380,3240,1800,1500,4140,660,3660,3840,3840
2175,8940,2220,1680,2040,5040,0,840,2520,2520
2176,8460,1080,840,2460,5520,0,1740,1920,1920
2177,7620,600,480,2640,6120,240,2460,1200,1200
2178,7200,1680,300,2100,5880,0,3600,60,60
2179,7020,1140,360,2580,5100,180,4800,840,840
2180,6600,780,600,1680,4560,660,5760,840,840
2181,6540,1380,840,900,3900,420,5160,840,840
2182,7080,1980,1260,1620,2880,240,4320,1200,1200
2183,7440,1080,1020,2280,1920,120,3180,240,240
2184,7740,1140,1080,2400,1080,0,2100,480,480
2185,8220,2160,840,3300,960,60,1860,1140,1140
2186,8580,1800,1920,4020,2100,300,1680,1680,1680
2188,10560,1740,1800,2820,4740,360,1320,3120,3120
2189,11460,2580,1800,3120,5580,720,2160,2280,2280
2190,12600,3600,2880,4200,6900,840,3060,1860,1860
2191,13320,4080,2940,3120,8280,360,3480,1260,1260
2192,14040,4260,1680,1920,9240,0,3660,540,540
2193,14940,5220,840,960,10380,240,4620,360,360
2194,16080,6660,1800,600,11640,240,6000,840,840
2195,17520,6780,1260,1080,13080,720,6480,1440,1440
2196,18000,6900,1140,1080,13980,60,6720,960,960
2197,19200,5580,1680,2100,14880,480,7200,1140,1140
2198,20340,4500,1800,1200,16020,660,7920,1980,1980
2199,21600,4380,1680,2400,17280,1140,8760,3420,3420
2200,22500,3420,1920,2940,18180,1260,7740,4140,4140
2201,24240,4080,3180,2160,19560,780,8460,6360,5100
2202,24360,4200,3300,2520,19620,60,8520,6720,5040
2203,27300,7080,6180,4020,22500,1980,10980,9000,6240
2204,26640,6120,3540,3960,21540,1920,8580,8940,3840
2212,20280,6720,5520,1320,120,4440,9780,9660,9660
2213,18780,5400,4020,2760,660,2940,9240,8160,8160
2214,17400,4620,3480,3300,2160,2340,8760,6780,6780
2215,16440,2940,2580,2340,1260,1500,7980,5640,5640
2216,15540,2880,2700,1680,1140,1500,7620,4800,4800
2217,14640,2520,2940,1620,960,1080,7260,3780,3780
2218,12900,2460,2880,1440,1260,60,5580,2160,2160
2219,12060,3360,1860,1440,1920,300,4680,1140,1140
2220,11580,2880,1200,1680,2220,0,4200,840,840
2221,10380,2220,60,1560,2460,360,3060,1920,1920
2222,9600,2520,1560,360,3540,360,2580,3600,3600
2223,8220,1740,1800,1260,3960,120,120,3240,3240
2224,7440,960,1080,1680,4680,120,1320,2700,2700
2225,6720,300,600,1920,5640,60,2340,1740,1740
2226,6540,1260,960,1080,6540,300,3480,1320,1320
2227,6060,960,540,1620,6060,60,4680,660,660
2228,5640,480,300,1320,5520,0,5460,660,660
2229,5460,240,360,420,4440,360,4620,720,720
2230,5880,1380,480,1380,3480,0,3420,300,300
2231,6360,600,780,1200,2820,300,2940,900,900
2232,6720,960,960,1620,2160,240,1860,780,780
2233,7260,2040,720,2640,2220,300,540,540,540
2234,8040,1920,2220,2940,3600,120,1020,1020,1020
2235,8880,1680,1320,1620,4800,660,1980,1800,1800
2236,9900,2460,540,1560,5640,1500,2340,2100,2100
2237,10980,3300,1200,2520,6300,600,3000,1560,1560
2238,11700,4140,2460,3480,7140,60,3720,780,780
2239,12660,4860,3000,2820,8520,120,4320,480,480
2240,13560,5160,2100,2040,9420,120,4560,720,720
2241,14640,6000,1140,1260,10620,120,5400,1080,1080
2242,15720,6960,1680,1140,11880,960,6360,1680,1680
2243,16440,6300,1200,1740,12780,0,7200,2100,2100
2244,17700,5880,240,2100,13500,180,7680,2280,2280
2245,18600,5220,1320,2640,14280,420,8220,2160,2160
2246,19680,4560,1800,2340,15060,60,8220,2220,2220
2247,20880,3060,300,2700,16560,60,7440,3180,3180
2248,21960,2700,900,3720,17640,300,7080,4260,4260
2249,22860,2700,1800,3000,18120,0,7020,5220,3720
2250,24300,3840,3180,3420,19260,300,7620,6600,2880
2251,25020,4560,2700,2820,19980,360,6960,7320,2280
2252,26580,6120,1080,1140,20280,1440,7320,8940,1620
2253,27840,7320,1200,960,20700,2460,7680,10140,1920
2254,28860,8400,1800,780,21840,3300,8520,11160,3120
2260,19260,6180,3960,1560,1560,2820,7620,8640,8640
2261,18240,6060,2940,2640,540,1800,7560,7620,7620
2262,17100,4980,1920,2700,240,840,7140,6480,6480
2263,16320,4020,1800,1920,540,780,7020,5700,5700
2264,14940,3780,1020,780,420,600,6060,4560,4560
2265,13980,3000,2040,840,600,60,5820,3600,3600
2266,12900,2640,3000,1620,300,120,5400,2280,2280
2267,11820,3120,1920,480,780,420,4500,1200,1200
2268,10560,1920,420,1320,1020,120,3240,480,480
2269,9840,1140,600,1080,1380,300,2520,1620,1620
2270,9180,720,1140,1260,1740,180,1860,1920,1920
2271,7680,2040,780,600,2940,0,300,2340,2340
2272,6900,1860,600,720,3840,120,1140,2400,2400
2273,5820,1440,240,1740,5100,120,2400,2940,2280
2274,5280,2040,900,600,6360,540,3900,2340,1860
2275,4980,1080,0,1440,6840,120,4920,1560,1560
2276,4320,420,540,2100,6180,660,5400,660,660
2277,4500,660,960,1440,5160,240,4440,600,600
2278,4800,1440,1440,1560,4620,480,3060,1500,1500
2279,5340,1200,240,420,3720,240,1980,1500,1500
2280,5820,1620,600,1260,3060,120,960,1920,1920
2281,6480,1920,1980,2580,4320,480,660,1860,1860
2282,7560,660,1980,2160,3720,60,1140,240,240
2283,8460,900,1440,1080,4740,240,2160,1080,1080
2284,9360,2100,1440,1140,6120,360,3540,540,540
2285,10620,3420,1920,2640,7320,420,3960,1440,1440
2286,11160,4200,2880,2700,8100,60,4800,600,600
2287,12180,4620,2400,2220,8880,300,5460,1140,1140
2288,12960,5340,1440,1800,9960,840,5760,1920,1560
2289,14040,6420,360,2280,11040,660,6240,2100,1560
2290,15360,6780,1320,1980,11640,720,7080,2460,2220
2291,16320,5460,1680,2640,12000,420,6720,3120,2940
2292,17340,4920,1500,3300,12540,300,6660,3780,3780
2293,18420,4320,2040,2820,13740,840,6600,4380,4380
2294,19920,3840,3540,2160,15240,2340,5940,5820,4320
2295,21960,3060,3000,2340,15840,2280,6000,6840,3900
2296,22560,1260,1440,3000,16500,420,5640,5820,3540
2297,23520,1620,1740,4320,17040,780,5940,5880,3840
2298,24360,3480,3300,4560,18900,1440,7800,6720,4920
2299,27060,5640,3480,3360,18900,840,5940,9420,1860
2300,26400,5880,1380,1140,19200,1200,6240,8700,420
2301,27900,6900,2220,1740,20100,2160,7140,10200,1500
2302,29040,8400,3300,2820,20760,660,6420,11400,3000
2303,30660,9420,4980,4500,21420,720,6780,12660,4380
2310,17820,4920,2280,3420,1200,1380,5820,7200,7200
2311,16980,4800,1500,2940,1080,780,6240,6780,6780
2312,15060,3360,960,1380,1380,480,4920,5100,5100
2313,13500,1740,2820,1980,1680,600,4680,4080,4080
2314,12300,1320,2460,2340,1320,0,4680,3180,3180
2315,11340,1380,2100,2040,960,180,3840,2760,2760
2316,10380,1500,1380,1200,360,420,3000,1800,1800
2317,9120,840,600,1980,240,60,1800,540,540
2318,8640,1320,1440,2940,1440,300,1320,1200,1200
2319,7380,1200,1200,1800,2460,300,1200,1260,1260
2320,6360,2100,840,1740,3420,240,1680,1500,1500
2321,5460,2340,900,2280,4620,120,2400,1860,1500
2322,4500,1800,420,1860,5820,240,3600,1920,1080
2323,3720,1500,840,1980,7440,540,5160,1020,840
2324,3180,540,540,2040,6600,120,5040,300,240
2325,3480,960,180,720,6420,960,4320,1080,900
2326,3780,2160,1200,780,5280,180,3180,2160,1080
2327,4260,2340,1020,1500,4800,480,2520,2640,900
2328,4860,2640,1320,1860,3900,0,1260,2700,1320
2329,5760,1200,660,3060,4740,600,1320,1620,1620
2330,7140,840,1080,2640,4860,420,1860,1080,1080
2331,7800,1560,1800,1980,5460,0,2580,1560,1560
2332,8940,2280,1440,1680,6300,300,3780,840,840
2333,9780,2700,1920,2580,7320,300,4740,1380,1080
2334,10740,2940,2220,2040,8520,180,5760,1980,840
2335,11640,3780,2340,1020,9660,600,6480,2220,900
2336,12720,4860,2040,660,10380,0,6780,2820,360
2337,13740,5880,1560,1680,10740,60,7200,3240,360
2338,14940,6360,1680,2820,10740,120,7380,3600,1560
2339,16380,5280,2280,2160,11460,180,6300,4440,2640
2340,17760,4080,2760,2040,12540,600,5220,4860,3480
2341,19380,3540,3000,2040,14340,1680,5820,5280,3960
2342,20220,2880,3300,600,13620,1020,5160,5100,3300
2343,20880,2220,2160,1140,14580,1380,4740,5400,2700
2344,22440,1020,960,2880,15360,420,4320,5940,2220
2345,23580,840,600,3600,15960,660,4920,6600,2880
2346,24900,2400,2160,4500,16920,2040,5820,7560,3000
2347,26820,4440,3360,2940,17700,240,4740,8760,1320
2348,27960,6660,3060,2340,19920,1920,6180,10320,1440
2349,28080,6960,3180,1320,19320,660,5100,10440,1560
2350,29100,7800,3900,2940,19800,360,5520,11040,2940
2359,16200,4020,2340,2040,2580,1200,5160,6780,6780
2360,15240,3060,2160,1500,2700,540,4500,5880,5880
2361,13740,1560,2460,1620,2820,360,3360,4800,4800
2362,12720,480,1800,2520,2760,540,4260,4140,4140
2363,11580,240,1740,3000,1740,1200,3300,3000,3000
2364,10320,720,720,3120,1500,900,2340,1740,1740
2365,9300,660,1080,3000,900,60,1200,840,840
2366,7920,480,1680,3060,2040,240,360,180,180
2367,6900,840,600,2640,2460,60,1380,300,300
2368,5760,1860,420,2340,3240,120,2100,600,600
2369,4920,1860,900,1860,4500,240,3120,1020,1020
2370,3960,960,1080,780,5880,360,4080,1080,240
2371,3000,300,120,780,7020,180,4620,600,600
2372,2280,840,0,2220,7500,300,4020,420,420
2373,2040,900,600,1080,7080,900,3780,1080,720
2374,2880,2040,300,1200,6360,0,2520,2460,180
2375,3240,2820,1020,2340,5580,60,1620,2820,300
2376,4140,2220,1140,3000,5640,0,1380,2760,660
2377,5220,1200,120,4080,6000,180,2460,2400,480
2378,6240,1140,480,3360,5880,540,2700,2160,1320
2379,7140,1860,1560,2760,6720,0,3480,2460,1320
2380,8340,1140,360,2760,7260,600,3960,1980,1680
2381,9360,1440,660,1920,8100,600,4380,2880,660
2382,10500,2640,1740,1500,8940,120,5460,3000,600
2383,11700,3780,1200,1260,8880,720,6600,3600,1140
2384,12780,4920,2340,1140,9240,300,7800,3900,1260
2385,14340,6300,2940,2280,9540,660,6960,4320,1020
2386,15240,5820,2760,2940,9480,0,6120,4560,660
2387,17400,4680,3540,1200,11040,1680,4980,4200,2160
2388,17700,3720,3660,480,11220,1500,4200,3840,2220
2389,18900,2460,2880,1740,12000,480,4140,3840,2400
2390,20220,2040,2280,960,13080,600,4260,4200,2400
2391,21060,2040,1980,2220,13980,1140,3660,4320,2340
2392,22500,1320,1260,2160,14580,180,3480,5160,1380
2393,23460,1920,1800,2640,15000,1140,3900,5640,2100
2394,24720,2940,2700,3660,16020,2160,4740,6660,2340
2395,25680,3540,2880,2700,16620,420,3780,7620,600
2396,26940,5640,2820,780,17700,600,4140,8880,1860
2397,27540,6240,2520,2040,18300,720,3780,9480,2460
2398,28680,7380,3780,2640,19440,840,4980,10680,3120
2408,15240,2100,3780,480,4320,420,3300,6600,6600
2409,14040,1980,3360,300,3840,0,2580,5640,5640
2410,12960,1020,3000,1380,4320,60,2100,4920,4920
2411,11760,420,2160,3600,2940,1080,2520,3180,3180
2412,10500,480,1740,3960,2280,1020,1380,2460,2460
2413,9180,1560,2220,3060,2040,120,420,1800,1800
2414,7980,1140,1980,3120,3000,0,1320,1440,1440
2415,6900,1440,1080,1980,3480,600,2340,1260,1260
2416,5640,1260,360,1080,3840,0,2760,960,960
2417,4440,900,120,1200,4800,300,3720,600,600
2418,3480,420,720,600,5760,60,4020,240,240
2419,2400,300,540,960,7020,180,3540,840,840
2420,1380,300,300,2280,7260,60,3060,900,900
2421,1020,480,120,2160,6600,420,2820,660,660
2422,1680,1560,1020,1920,6300,0,2160,1380,1260
2423,2760,1680,1680,1680,6000,180,1020,1620,1380
2424,3900,1200,1560,2460,5340,360,840,1740,1500
2425,4740,1320,660,3300,5700,120,2100,2340,780
2426,5760,1740,1020,3720,6000,0,2940,2460,420
2427,6960,1260,1560,3600,6000,180,2580,2520,480
2428,8100,600,900,2700,6720,300,2820,2820,840
2429,9420,1500,1020,1140,7920,480,4140,3300,1800
2430,10440,2520,1680,600,8160,840,4980,3360,1560
2431,11640,3720,240,1920,7740,960,6060,3600,1680
2432,12840,4560,1020,2580,7800,360,6480,3660,2400
2433,13920,5520,2580,2880,8100,120,6360,3960,1140
2434,14940,4980,2220,3060,9060,780,5280,4020,1320
2435,16320,3960,2220,1680,9660,840,4260,3000,840
2436,17400,3180,2700,1200,10320,600,3480,3180,1260
2437,18240,2040,2460,2460,11160,360,3060,2760,1620
2438,19440,660,1080,1980,12300,0,2880,2880,1200
2439,20880,1560,1500,1980,13440,1320,2400,3420,1560
2440,21840,2340,2280,960,13320,0,2280,3840,180
2441,22680,3540,3480,1560,13980,1020,2880,4620,1200
2442,23760,4380,3720,2640,15060,1560,3180,5700,1920
2443,25680,4500,1740,2520,16260,120,2640,7680,780
2444,26760,5520,1740,2160,16980,600,3060,8700,1800
2445,27900,5820,1440,2880,17460,1080,2220,9840,2820
2457,13860,1740,3180,1080,4980,0,2280,6120,6120
2458,12840,1140,2100,1860,5160,240,1620,5340,5340
2459,11400,1680,1500,1920,4020,120,420,3780,3780
2460,12000,3480,2100,1140,5400,1320,2400,5160,5160
2461,9060,2400,1980,2340,2880,0,1260,2460,2460
2462,7980,2340,2460,3060,3540,900,1920,1560,1560
2463,6720,2460,1800,1800,4500,300,2880,300,300
2464,5640,1380,1380,720,4920,180,3660,900,900
2465,4620,1260,1320,780,5580,180,3180,840,840
2466,3420,660,360,780,6540,240,3240,960,960
2467,2040,300,900,900,6840,0,2520,60,60
2468,1080,600,1080,2160,6900,240,2100,420,420
2469,300,240,1200,1860,5760,120,1920,300,300
2470,1560,1680,780,540,4920,240,1140,660,660
2471,2640,420,1020,780,4440,480,1140,480,480
2472,3720,660,480,2100,4560,60,1380,900,900
2473,5040,420,1080,3300,5400,600,2400,1260,1260
2474,6120,1080,540,2820,5100,600,1860,1320,1140
2475,7380,1920,1140,2460,5100,600,1140,1140,1140
2476,8400,1800,660,2400,6180,1320,2340,1560,1560
2477,9420,1500,600,1380,6960,1200,3420,2340,2340
2478,10560,2400,1500,1080,7260,420,4320,2160,2160
2479,11400,2940,1560,2280,6660,0,4860,2460,2460
2480,12600,4200,1620,3300,6840,300,6120,2700,2700
2481,13740,5280,1740,3900,7500,360,5580,3300,2280
2482,15000,4860,1200,3360,8280,180,4620,3360,1560
2483,15780,3600,1080,2400,8700,0,3480,2220,600
2484,17160,2640,2460,2760,10080,540,2940,2220,1080
2485,19140,2220,2460,2700,11580,540,3180,2940,1560
2486,19260,1020,1320,1560,11760,60,2220,2220,600
2487,20280,1440,1680,1500,12240,720,1500,2160,1380
2488,21480,2880,2700,540,12300,60,1260,3420,900
2489,22440,3780,2760,960,13140,1020,1560,4380,1560
249,55800,32280,19800,19860,44100,15180,29400,41640,41640
2490,23580,4620,3540,1740,14220,1140,1800,5520,2280
2491,25140,6000,1740,1200,14880,480,1200,7080,2520
2492,26220,6240,360,1980,15780,720,1500,8100,2520
2493,27000,4920,1080,2280,16380,120,1800,8940,3540
250,54960,31440,18960,19020,43260,14280,28560,40800,40800
2504,15660,2040,4980,2640,6060,780,1080,7920,7920
2505,14280,2760,3540,2460,6300,480,2100,6420,6420
2506,12720,1920,1980,2460,4260,180,420,5160,5160
2507,11400,1680,600,1200,3600,60,1020,4560,4560
2508,10380,2280,600,1620,3240,300,2040,3780,3780
2509,9120,2580,1680,2580,3720,180,2340,2520,2520
251,55980,32460,19980,20040,44280,15300,29580,41820,41820
2510,8160,2220,1380,3240,4620,360,2400,1500,1500
2511,7080,1680,660,2160,5220,0,2520,780,780
2512,6000,1560,960,1680,5940,660,2520,1500,1500
2513,4980,180,1020,1320,6300,420,1980,1500,1500
2514,3360,660,60,780,7080,360,2160,1140,1140
2515,2520,480,420,1140,7860,360,1560,420,420
2516,1560,960,840,1260,6900,180,1140,600,600
2517,1260,660,1920,1080,5760,0,900,540,540
2518,1920,1680,1500,1200,4740,420,960,1440,1440
2519,2580,1860,1500,1320,3360,60,660,1140,1140
252,55860,32340,19860,19980,44220,15240,29520,41700,41700
2520,3660,1260,1560,2100,2760,240,1800,1140,1140
2521,4740,1800,780,1260,2940,360,2040,1920,1920
2522,5940,1800,960,1200,3660,180,900,840,840
2523,6960,1680,240,1860,4680,60,540,540,540
2524,8040,1140,960,2100,5220,360,1560,540,540
2525,9180,840,1260,1500,6300,300,2760,1680,1680
2526,10140,1680,1920,1020,6300,180,3600,1080,1080
2527,11160,2700,1560,1860,5640,60,4620,1500,1500
2528,12360,3960,1080,3120,5640,900,5880,1440,1440
2529,13440,5040,1500,4140,6420,120,5220,2280,2280
253,57240,33720,21240,21300,45540,16620,30840,43080,43080
2530,14640,4500,720,4200,7500,420,4020,1800,1800
2531,15720,3360,1260,3600,8280,960,2940,1500,1500
2532,16680,2160,2340,2700,8760,240,1740,180,180
2533,17700,1500,3540,2100,9660,0,840,840,840
2534,18720,780,2160,720,10740,0,720,660,660
2535,19920,1500,1860,1020,11160,120,1140,1800,1800
2536,21120,2160,1740,1500,11580,240,300,3060,1920
2537,22320,3240,1800,2040,12240,1380,900,4200,2640
2538,23520,4380,3000,900,13200,180,1020,5460,3240
2539,24720,5520,2040,480,14340,120,300,6660,3480
2540,25800,5760,900,840,14940,300,1380,7740,3780
2541,27000,5040,900,1380,15720,1020,2400,8940,4800
2552,16380,2820,5640,4080,6180,120,420,8520,8520
2553,14940,3540,4200,3660,6780,60,2040,7080,7080
2554,12540,840,2040,2040,3180,120,1020,6120,6120
2555,11640,660,1260,2280,2700,720,1260,5100,5100
2556,10500,2220,1260,2640,2160,720,1740,3900,3900
2557,9240,1500,900,3420,3120,360,1920,3120,3120
2558,8280,1260,180,3780,3780,360,1260,2220,2220
2559,7260,840,660,2760,4800,480,1320,1980,1980
2560,5940,660,660,1440,5820,300,1560,1740,1740
2561,4920,1080,1020,60,6900,360,1020,1020,1020
2562,3900,540,960,1440,7740,60,1020,720,720
2563,3120,720,780,2100,7920,540,1560,840,840
2564,2580,660,1500,1260,6840,420,240,1260,1260
2565,2280,360,1560,480,5460,0,660,360,360
2566,2700,900,120,1680,4260,360,1800,1260,1260
2567,3600,1620,1080,2340,3120,60,1740,2100,2100
2568,4380,60,1980,2460,1620,420,2460,2220,2220
2569,5580,1260,2100,1920,1560,0,2760,2760,2760
2570,6120,2460,1080,900,2940,240,1680,1680,1680
2571,6960,1560,900,780,4200,420,1200,1200,1200
2572,7920,420,360,1020,3780,120,1980,960,960
2573,8940,900,540,2280,3180,0,2700,1560,1560
2574,10080,2160,900,2640,3120,240,3960,1620,1620
2575,10980,2580,780,1740,4920,120,4440,720,720
2576,12000,3600,300,2760,4920,120,5460,780,780
2577,13260,4860,1560,3960,6180,780,5280,1620,1620
2578,14340,4140,1860,5100,7200,480,4200,540,540
2579,15600,2820,2460,4200,7140,720,3240,1080,1080
2580,16680,1980,3000,3600,8100,240,2640,1140,1140
2581,17820,1380,4140,2760,8460,180,1740,1800,1800
2582,19020,1500,2940,2040,9900,1140,1800,1860,1860
2583,20100,660,1500,1440,9900,120,1440,2400,2400
2584,21240,1500,240,2160,10620,300,1560,3240,3240
2585,22500,2700,1320,2640,11640,960,1740,4500,3600
2586,23940,4140,2760,2040,12960,420,1440,5940,4200
2587,24960,5160,1920,1860,13440,60,2400,6960,4980
2588,26220,5100,960,1020,14220,600,2280,8220,4740
2589,27000,3960,1080,1200,14880,0,2700,8940,5100
2602,12720,840,2700,480,3060,60,600,6720,6720
2603,11220,960,2100,1920,1560,780,900,5460,5460
2604,10200,1980,1080,2940,1140,60,540,4620,4620
2605,9300,840,600,4020,2220,180,1020,3900,3900
2606,8100,360,1200,3600,3420,60,240,3240,3240
2607,7080,1020,2100,2580,4980,540,60,2580,2580
2608,6540,1380,2280,2640,5400,480,1980,1980,1980
2609,5640,840,2280,1980,6240,360,1140,1080,1080
2610,4800,780,1860,2160,7260,60,1260,1200,1200
2611,3840,1500,1860,2760,7320,0,1920,1860,1860
2612,3660,1620,2400,1680,6180,60,1560,1380,1380
2613,3360,960,1860,1500,5400,240,1680,540,540
2614,4140,1440,1500,3060,4140,960,3000,1920,1920
2615,6240,3660,3780,3720,2220,60,4560,2700,2700
2616,5460,1440,2760,1500,1320,0,3900,3120,3120
2617,5880,360,1680,1200,780,0,3960,3780,3780
2618,7380,1500,1620,2100,600,180,5520,5280,5280
2619,8400,3120,1440,2160,1560,420,5460,4440,4440
2620,8880,1800,120,1800,2280,120,4140,3180,3180
2621,9840,1800,1560,2220,2340,360,4140,3180,3180
2622,10140,2460,1140,1620,2100,0,4200,2400,2400
2623,11220,3540,1680,1260,2940,0,4680,1500,1500
2624,12480,4500,1260,2220,4020,120,4500,1380,1380
2625,13380,4980,2160,3000,4740,240,4560,1140,1140
2626,14520,3900,3300,3720,5580,300,4860,1320,1320
2627,15540,2640,3420,3660,6540,60,4080,1260,1260
2628,16860,1560,3420,2760,7140,780,3540,2280,2280
2629,17880,240,2940,2280,7500,0,2520,2520,2520
2630,19140,1500,3660,3120,8340,780,3120,3180,3180
2631,20700,660,1980,2460,9000,120,2460,3420,3420
2632,21600,1440,1080,2820,9660,120,2640,3780,3780
2633,22620,2640,1560,2340,10800,180,2400,4680,4680
2634,23700,3660,2580,2340,11820,840,2640,5700,5460
2635,24900,4920,2640,2220,12480,180,3180,6900,6000
2636,26340,5160,2100,780,13500,1080,3480,8340,5940
2637,27960,4020,2280,300,14820,720,3900,10080,6300
2638,28560,3120,2700,1440,15840,300,3300,10500,6720
2648,15180,1500,1020,1620,1740,120,3060,9240,9240
2649,14460,2400,720,300,960,660,2520,8700,8700
2650,13440,3780,1500,1680,960,480,3120,7860,7860
2651,11820,3000,2400,2460,300,120,1500,6240,6240
2652,10980,2640,2340,4020,1200,180,1260,5640,5640
2653,9540,1740,2460,4380,2820,360,1020,4860,4860
2654,8760,1320,2160,4320,3120,240,840,4320,4320
2655,7920,420,2940,3420,4200,0,1200,3420,3420
2656,7260,1860,3240,3480,5040,180,2640,2880,2880
2657,6900,2040,3060,3300,6000,120,2760,2700,2700
2658,5640,2160,2100,3420,6900,300,2880,2820,2820
2659,5220,2520,1080,3780,6780,180,2940,2940,2940
2660,5400,2400,840,2400,6060,600,3720,1980,1980
2661,4500,1680,1380,1620,5160,0,2820,1200,1200
2662,4920,1800,660,1140,3780,120,3540,720,720
2663,6240,720,1140,1860,3540,540,4680,1920,1920
2664,5940,960,2160,540,2280,420,4380,2880,2880
2665,7020,1020,1320,720,1560,180,5100,3840,3840
2666,7620,1560,240,1980,780,360,5700,4680,4680
2667,8820,2880,1140,1320,720,240,5640,4620,4620
2668,9720,2460,1080,480,1320,540,4800,3780,3780
2669,10440,2400,2160,2760,1440,300,4740,3720,3720
2670,11040,3060,2040,660,1140,0,4080,3120,3120
2671,12120,4320,2760,720,2340,300,3720,2640,2640
2672,12840,4980,2400,1440,3240,0,3120,2460,2460
2673,13860,4920,2940,2700,4440,300,3540,2340,2340
2674,14580,3720,3540,2640,5580,60,3900,2520,2520
2675,15780,2580,3180,2700,5760,120,4200,2400,2400
2676,16860,1680,2460,1800,5820,120,4200,3000,3000
2677,18000,960,1980,1380,6540,120,3660,3660,3660
2678,19200,2100,2460,2280,7380,120,4200,4320,4320
2679,20280,1680,2640,3120,8100,60,3540,4320,4320
2680,21300,2220,2220,2160,9120,120,3180,4860,4860
2681,22320,2820,2280,1380,9900,360,3240,5280,5280
2682,23820,4020,3000,1080,11040,180,3180,6840,6660
2683,24960,4800,3060,1800,11820,960,3060,7500,7140
2684,26160,5640,2580,1740,12960,600,3300,8760,7140
2685,27480,4320,1980,1260,14220,720,3000,10020,7560
2686,28620,3420,2580,1980,15120,420,3600,11220,8100
2687,29820,2460,3420,960,15960,1380,3780,12180,8400
2696,15360,2760,1500,2400,660,180,4260,9780,9780
2697,14520,3300,1080,1560,960,540,3660,8940,8940
2698,13800,3900,1620,480,1020,540,3480,8280,8280
2699,12480,4800,2940,840,1020,660,2340,7980,7980
2700,11400,3720,3240,1560,600,0,960,6900,6900
2701,10740,3060,2820,3060,1860,240,840,6240,6240
2702,10140,2640,2400,3660,2940,180,2220,5580,5580
2703,9300,1800,2880,4800,3780,240,2580,4740,4740
2704,8220,2160,2940,4140,4680,0,2940,3720,3720
2705,7500,2940,2880,4200,5700,180,3600,3540,3540
2706,6540,2700,2760,3960,6840,0,3360,3300,3300
2707,6120,2700,2220,3780,7920,480,3900,3360,3360
2708,6780,1320,2460,2460,6900,60,4500,2040,2040
2709,5700,240,1500,1320,5760,60,4020,960,960
2710,5580,840,1320,600,5160,0,4080,480,480
2711,6480,1440,1140,1560,3960,120,5040,1680,1680
2712,6720,1500,2160,1620,2940,180,5160,2400,2400
2713,7800,2340,1320,1560,2220,960,6240,3240,3240
2714,8640,2580,1080,2520,1620,1320,6720,4080,4080
2715,9300,3300,1320,1560,720,180,6360,4680,4680
2716,10740,3540,1020,1020,480,600,5880,4860,4860
2718,12120,4080,3480,2460,780,780,3000,4920,4920
2719,12780,4800,3420,1740,2100,240,2640,3480,3480
2720,13680,4620,3660,2580,3240,120,1980,3600,3600
2721,14640,3720,3900,2340,4440,60,2760,3540,3540
2722,15420,3600,3240,1380,4560,120,2880,3840,3840
2723,16200,3180,2340,1920,4440,60,2940,3720,3720
2724,16980,2580,1320,1140,4920,420,3060,4020,4020
2725,17880,1980,780,360,5460,0,2580,4680,4680
2726,19500,2040,1080,2040,6300,780,3300,5700,5700
2727,20280,900,1560,2820,7380,180,2400,5400,5400
2728,21480,1200,1440,2100,8040,300,2220,6120,6120
2729,22440,2400,1440,900,9300,420,2520,6480,6480
2730,23700,3480,2400,480,10440,780,2220,7080,7080
2731,25260,5100,2460,1440,11700,1320,1980,8340,8160
2732,26160,5760,1380,1440,12600,300,2100,9120,8160
2733,27420,4860,1020,780,13560,120,2040,10320,8760
2734,28140,3780,1860,660,14160,1140,2640,11280,9300
2735,29340,3360,2280,840,15360,1980,3120,12540,9360
2736,30660,3000,3540,960,16680,2940,3480,13800,10020
2744,16140,4200,1260,3360,240,240,3960,10560,10560
2745,15300,4320,1560,1680,1320,360,3060,9840,9840
2746,14340,4980,2760,1020,2040,300,2400,9120,9120
2747,13080,5460,1920,600,2340,180,1320,8640,8640
2748,12180,4560,1680,1920,2400,600,1020,7740,7740
2749,11280,3660,2520,2040,3000,60,1980,6840,6840
2750,10920,3420,1200,2880,3540,120,2580,6360,6360
2751,9840,2640,2040,4320,4740,420,3480,5280,5280
2752,9000,2880,1920,5400,5400,480,3720,4920,4920
2753,8520,3900,1740,5220,6420,1200,4620,4560,4560
2754,7500,3660,2220,4920,7260,0,4380,4320,4320
2755,7680,3120,3060,4200,8460,840,5100,3780,3780
2756,7620,2040,2220,3240,7620,720,5760,2580,2580
2757,6780,900,1080,2220,6480,600,5100,1500,1500
2758,6540,960,960,1560,5580,60,5040,900,900
2759,7080,1980,660,2100,4680,0,5580,900,900
2760,8040,2700,1920,2760,4080,900,6480,1560,1560
2761,8280,3060,2400,2400,3360,1320,6720,2220,2220
2762,9180,3840,2460,3000,2160,1200,7620,3120,3120
2763,10440,4020,1860,2160,1260,720,7320,4080,4080
2764,10740,4320,2100,2100,1440,720,7260,5280,5280
2767,13560,4620,4860,2280,2160,1500,1680,5820,5820
2768,14400,3600,4920,1260,2460,600,600,4980,4980
2769,15000,2760,4140,1440,3720,120,2040,4740,4740
2770,16320,2880,3300,180,3840,180,2160,4680,4680
2771,17040,2640,2340,1440,3480,300,1920,4920,4920
2772,17820,3360,1200,1740,4020,660,1860,4860,4860
2773,18660,2760,540,1380,4680,300,1800,5700,5700
2774,19560,1560,960,1680,5580,0,2580,6360,6360
2775,20640,540,1200,2580,6840,0,1620,6660,6660
2776,21480,1140,540,2640,7680,360,1200,7020,7020
2777,22560,1980,420,1680,8760,180,1440,7500,7500
2778,23640,3300,1500,1080,9660,240,960,7800,7800
2779,24720,4320,2160,1080,10740,360,1020,8700,8700
2780,25680,4920,960,1620,11760,120,960,10020,9300
2781,26640,4080,900,1440,12720,300,1080,10980,9900
2782,27900,3420,660,840,13980,480,1920,12060,10260
2783,29280,2460,1680,660,15300,1380,2040,13200,10440
2791,17880,5880,1680,4740,480,180,4740,12300,12300
2792,17160,5460,1140,3600,1440,480,3240,11700,11700
2793,15840,5520,1620,2880,1920,360,2280,11040,11040
2794,14700,5700,2160,2040,2820,180,1560,9900,9900
2795,13680,6000,780,600,3780,420,600,9180,9180
2796,13140,5460,780,900,3960,480,1260,8640,8640
2797,12240,4620,1920,1500,3840,0,2040,7800,7800
2798,11760,4320,840,2580,4680,120,3240,7200,7200
2799,10740,3900,1320,4080,5280,120,4320,6480,6480
2800,10080,3720,1020,5100,6180,60,4560,6060,6060
2801,9000,4620,540,5940,7140,660,5400,5700,5700
2802,8820,4560,1500,5040,7980,1140,5700,5160,5160
2803,8640,3360,2400,4440,8760,420,5820,4080,4080
2804,8280,2220,1320,3600,7800,120,6660,2940,2940
2805,7920,1740,660,3120,7200,600,6300,1980,1980
2806,7800,1620,420,2880,6240,180,6180,1020,1020
2807,8220,2580,1380,2880,5460,420,6720,480,480
2808,8820,3480,1860,3360,4380,420,7320,960,960
2809,9060,2880,1620,3480,3300,1140,7500,1680,1680
2810,9900,2940,1140,3660,2760,960,8340,2640,2640
2811,10620,3000,1680,3240,2100,360,8460,3840,3840
2812,11760,2880,2340,3420,1980,240,8280,4980,4980
2816,16380,4620,6840,2160,3480,2580,1920,6900,6900
2817,16200,4500,6720,720,3360,2400,1800,6780,6780
2818,16560,1140,2820,1620,2100,0,420,5880,5880
2819,17760,1380,1860,1860,2040,360,1440,6000,6000
2820,18600,2640,660,1680,3300,360,720,6060,6060
2821,19500,3360,720,540,4140,480,1080,6480,6480
2822,20400,2220,1740,1200,5100,0,2100,7260,7260
2823,21540,1620,1800,2700,6300,540,1500,7680,7680
2824,22020,1740,960,3300,7620,420,480,7980,7980
2825,22980,2640,1320,3000,8520,240,1620,8520,8520
2826,23880,3540,1260,2460,9720,1080,1200,9060,9060
2827,24840,4500,1680,2100,10800,420,1080,9720,9720
2828,26040,5700,2340,2880,12000,1200,1260,10560,10560
2829,27540,3840,1200,2100,13620,1020,1320,11880,11280
2830,28320,2700,660,1920,14400,300,660,12660,11220
2831,29220,1800,1560,1980,15240,420,1380,13500,11760
2839,18840,7020,2160,5220,480,480,5280,13380,13380
2840,17580,6480,1860,4500,2460,840,3660,12660,12660
2841,16560,6960,1560,3900,1200,1080,1200,11760,11760
2842,15840,6540,2760,2760,1860,60,1020,11040,11040
2843,14400,6780,1080,960,4920,60,1740,9900,9900
2844,13680,6000,1560,840,4800,900,2040,9180,9180
2845,13500,5880,1620,1800,5100,420,2940,8940,8940
2846,12780,5640,240,2880,5880,120,3960,8520,8520
2847,11880,5040,1080,3780,6060,60,4800,7680,7680
2848,10800,5100,1200,4740,6900,120,5880,7380,7380
2849,10200,5220,600,4740,7680,300,6000,6540,6540
2850,9900,4860,1620,4140,8700,720,6780,5520,5520
2851,9900,3840,2640,3540,9420,720,7140,4500,4500
2852,9420,3360,1620,3000,8640,1080,7320,3600,3600
2853,8940,2760,1020,3060,7440,360,7320,2640,2640
2854,8700,2520,1020,2280,6420,780,7080,2040,2040
2855,9300,3120,180,1620,5100,120,7680,1200,1200
2856,9420,2340,1260,2160,4020,60,7920,420,420
2857,10200,1740,1020,3060,2820,360,8640,1800,1800
2858,10560,1740,180,3780,1860,1020,9000,2640,2640
2859,11460,2280,1080,4440,1260,1020,9660,3780,3780
2860,12180,3000,1500,4440,480,1440,9600,4860,4860
2866,18840,10320,9780,9540,7380,7200,10020,11940,11940
2867,18540,1560,2820,3300,2220,1020,1920,7380,7380
2868,19380,2820,4560,5040,2460,2820,3660,9180,9180
2873,24300,3960,1620,3720,8100,600,2880,9840,9840
2874,24600,4260,420,3420,9480,240,2100,10140,10140
2875,25500,5160,780,3240,10380,1140,2160,10800,10800
2876,26700,6360,2280,3900,11820,2220,2400,11520,11520
2884,21900,8820,5520,8580,4320,3960,8580,16320,16320
2887,20820,10860,4140,7380,3240,2820,4380,16080,16080
2888,18900,8880,2160,5400,1320,840,2400,14100,14100
2889,17340,7920,1200,3780,360,660,720,12540,12540
2890,16380,8220,3480,3120,2880,1740,1860,11880,11880
2891,15180,7560,2400,2160,6240,60,3060,10740,10740
2892,14820,7200,2580,1920,5940,540,3180,10320,10320
2893,14280,6840,2040,2940,6240,240,4020,9780,9780
2894,13560,6480,1200,3120,6240,420,4140,9360,9360
2895,12360,6060,1680,3060,7080,660,5400,8700,8700
2896,11640,6000,1980,3720,7800,240,6420,7920,7920
2897,11340,6240,1680,4020,8700,60,7020,7080,7080
2898,11280,5340,2400,2940,9480,360,7800,6060,6060
2899,10680,4620,3300,2400,9900,360,8340,5340,5340
2900,10380,4200,2460,1800,8700,180,8460,4440,4440
2901,9960,3780,2040,1860,7500,0,8340,3660,3660
2902,10080,3900,2340,3540,7800,780,8460,3420,3420
2903,10260,3120,660,540,4860,480,8580,2280,2280
2904,10680,1920,1560,1320,3600,360,9180,1680,1680
2905,11040,780,840,2040,2400,180,9540,1980,1980
2906,11640,600,360,3120,1320,0,10080,3060,3060
2907,12240,1740,300,4260,300,240,10500,4200,4200
2934,21900,11940,5220,7560,4320,3840,5460,17160,17160
2935,21060,11100,4380,6720,3480,3000,4620,16320,16320
2936,18960,9000,2280,4920,1380,960,2520,14220,14220
2937,18360,10020,3300,2760,2040,1320,1320,13860,13860
2938,17640,9540,2820,2460,1920,1020,240,13140,13140
2939,19020,11400,3540,2280,4260,1440,2400,14580,14580
2940,16440,8820,3000,3360,5760,60,4020,11940,11940
2941,15360,8280,2160,3360,6060,660,4680,11160,11160
2942,13980,7440,2520,1560,6840,600,5940,10080,10080
2943,13380,7380,3300,1980,7260,180,6780,9600,9600
2944,12900,7380,3240,3420,8700,600,7320,8820,8820
2945,12600,7260,3000,3900,9480,420,8100,7980,7980
2946,12300,6240,3180,2760,10200,1260,8580,6960,6960
2947,12120,6000,4380,1440,9300,300,9720,6240,6240
2948,11820,5580,3540,180,8160,660,10200,5640,5640
2949,11100,4920,2580,900,7200,420,9480,4740,4740
2950,11400,4380,1860,2040,5820,240,9780,4020,4020
2951,11280,3480,1740,1020,4920,180,9660,3600,3600
2952,11640,2520,2520,840,3900,60,10140,3000,3000
2953,11880,2040,1560,1920,2760,360,10380,2820,2820
2954,12480,1080,120,3480,1260,480,10920,3600,3600
2955,13200,1740,1200,4320,60,120,10740,4320,4320
296,54480,30960,18480,18540,42780,13860,28140,40320,40320
297,54060,30540,18060,18120,42360,13440,27660,39900,39900
2979,24600,11040,8220,11280,7020,6660,11280,19020,19020
298,54360,30840,18360,18420,42660,13740,27960,40200,40200
2982,26160,16200,9480,10440,2520,6120,8160,21420,21420
2983,23280,13320,6600,7560,3180,3240,5280,18540,18540
2984,20280,10320,3600,4560,600,2220,3120,15480,15480
2985,19380,10440,3720,3540,1920,2160,1620,14880,14880
2986,19320,11220,3540,780,3600,480,1740,14880,14880
2987,18480,10920,2400,1440,4080,360,2220,13980,13980
2988,16980,9720,780,2520,4680,300,3840,12720,12720
2989,16320,9780,2040,3900,5460,1140,5520,12420,12420
299,54540,31020,18540,18660,42900,13920,28200,40380,40380
2990,15300,9000,3600,120,6600,720,7500,11520,11520
2991,15060,9060,4260,1680,7560,1380,7740,11040,11040
2992,13860,8400,4260,2760,8280,600,8160,9660,9660
2993,14160,9060,4500,4080,9600,720,9360,9900,9900
2994,13260,7140,4440,2940,10920,1500,9780,7860,7860
2995,13620,7560,5700,2640,10620,1260,11040,7740,7740
2996,13620,7440,5400,2040,10020,1800,11520,7440,7440
2997,12240,6060,3420,2280,7500,360,10620,5580,5580
2998,12600,5580,3060,3180,7020,1320,10980,5220,5220
2999,12180,4200,2640,2280,5220,420,10560,4680,4680
300,56340,32820,20340,20400,44640,15720,29940,42180,42180
3000,12540,3360,2820,1740,4020,180,11040,3900,3900
3001,13320,2760,2280,2640,3180,900,11820,4320,4320
3002,13740,2160,1560,3660,2040,960,12180,4680,4680
3003,14640,3060,2460,4680,240,1440,11040,5640,5640
301,56940,33420,20940,21000,45240,16320,30540,42780,42780
302,55140,31620,18900,18600,43440,14520,28740,40980,40980
303,52440,29760,19140,18540,40560,16080,26640,38520,38520
3030,24780,14820,8040,9000,1140,4680,6780,19980,19980
3031,22140,12120,5400,6360,2100,2040,4140,17340,17340
3032,21000,10980,4260,5280,1020,2460,3780,16200,16200
3033,20400,11520,4800,2580,3000,1800,420,15900,15900
3034,20280,12720,4200,900,4200,780,3180,15780,15780
3035,19560,12000,3240,540,3060,120,3120,15060,15060
3036,17460,10620,660,2640,3600,240,4200,13620,13620
3037,16500,10260,1440,2520,4200,60,5520,12780,12780
3038,17160,10860,5460,1860,8460,2580,9360,13380,13380
3039,16920,10680,5220,1680,8220,2340,9180,13200,13200
304,52560,29880,19260,18600,40680,16200,26760,38640,38640
3040,14940,9360,5340,3780,9300,1680,9180,10740,10740
3041,15000,9960,5400,4980,10500,1620,10200,10800,10800
3042,14700,8640,6540,3780,11700,1440,11880,8820,8820
3043,14400,8340,6180,3420,11400,1260,11580,8520,8520
3044,15240,9000,6720,4620,10800,3660,13620,8880,8880
3045,13920,7740,5400,3360,9540,2340,12300,7560,7560
3046,13380,7200,4560,3540,8640,900,11760,6720,6720
3047,13740,5640,4140,4020,5700,600,12120,6360,6360
3048,13980,4320,3780,3120,4500,960,12480,5340,5340
3049,14220,3780,3300,3420,2700,120,12720,5400,5400
3050,14700,3540,3000,4320,1740,1380,12060,5640,5640
3051,15240,3720,2160,5340,540,2520,10860,6240,6240
306,58440,35700,25080,24480,46500,24600,32580,44520,44520
307,58140,35400,24780,24180,46200,24300,32280,44220,44220
3074,27660,9720,11220,14280,5940,9660,13740,22020,22020
3075,34080,11280,17640,20700,2580,16140,17820,28440,28440
3078,23820,13860,7140,8100,1560,3780,5880,19080,19080
3079,23580,13560,6840,6300,3600,1980,4080,18780,18780
308,58380,35700,25080,24480,46500,24540,32580,44460,44460
3080,22440,12840,6120,4740,2880,420,2520,17940,17940
3081,21300,12540,5820,3240,4080,1200,1020,16860,16860
3082,20040,13440,3480,2580,3240,1260,5160,16260,16260
3083,19020,12360,2460,1560,2100,240,4140,15240,15240
3084,18060,11580,1620,2280,2760,240,4920,14340,14340
3085,18120,11880,2160,3840,4260,1020,6180,14400,14400
3086,18900,12600,2880,4560,5040,1740,6900,15120,15120
3087,17580,11340,5880,2280,8880,3000,9780,13860,13860
3088,15840,10800,6240,5820,11340,2460,11040,11580,11580
3089,15600,10560,6000,5580,11100,2220,10800,11400,11400
3090,16440,10380,8220,5460,13440,1320,13620,10560,10560
3091,15420,9360,7200,4440,12420,1980,12600,9540,9540
3092,15600,9360,7080,4980,11160,4020,13980,9240,9240
3093,15120,8940,6600,4500,10740,3540,13500,8760,8760
3094,14460,6960,4920,4740,7500,1320,12840,7080,7080
3095,14520,7080,4980,4800,5520,1380,12900,7140,7140
3096,15060,5340,4800,4260,4740,1620,13560,6420,6420
3097,15780,5640,5100,4980,2640,240,14280,7080,7080
3098,15660,4800,3960,4920,780,1740,12600,6660,6660
3099,16140,4800,3180,5880,960,2940,11820,7080,7080
3122,32220,9480,15780,18900,1740,14280,15960,26640,26640
3123,33120,10380,16740,19800,1440,15180,16860,27540,27540
3125,28560,16920,12000,2100,120,120,4800,24360,24360
3126,28140,16500,11580,3000,1680,660,4380,23940,23940
3127,23940,13920,7200,6720,3960,2400,4440,19140,19140
3128,23340,14100,7680,5640,2760,0,2280,18840,18840
3129,23040,14100,7200,5400,3240,720,2640,18540,18540
3130,22140,14520,5580,4920,2520,2100,3240,18360,18360
3131,19800,13200,3240,3840,900,0,4020,16080,16080
3132,19980,13380,3420,4020,2160,660,5280,16200,16200
3133,20640,14340,4440,5400,4500,3060,7680,16860,16860
3136,19320,13260,11100,8340,15900,840,14820,13440,13440
3137,18660,12600,10440,7680,15660,0,14700,12780,12780
3142,15420,7920,5820,5700,8460,2280,13800,8040,8040
3143,15780,8220,6240,6060,5220,2640,14160,8400,8400
3144,16560,6960,6420,6300,3960,1380,14940,8400,8400
3145,16740,6600,6060,5940,2280,360,15240,8100,8100
3146,16860,6180,5520,6120,2160,2220,14160,7800,7800
3147,18360,6780,1680,8340,420,5100,12420,9360,9360
3170,31920,9120,15480,18540,1140,13980,15660,26340,26340
3171,32100,9300,15660,18720,180,14100,15840,26460,26460
3172,29520,15780,12960,1620,1980,1620,5700,25320,25320
3173,30120,17340,13560,60,2340,1980,6300,25920,25920
3174,26820,15180,10260,3060,1740,540,3060,22620,22620
3175,25440,14040,8880,5460,300,840,1860,21120,21120
3176,24120,13380,7860,6180,1680,0,1260,19620,19620
3177,22980,12960,6420,5760,2460,1020,1440,19200,19200
3178,22200,12840,5640,4980,1200,660,2340,18480,18480
3179,21120,13260,4560,4080,900,180,3240,17340,17340
3180,20340,14100,4200,4920,3060,1620,6180,16620,16620
3191,18960,11520,9420,9240,12000,5820,17340,11580,11580
3192,18120,7980,7440,7320,2460,1200,16620,9480,9480
3193,18060,7920,7380,7260,1500,660,16560,9360,9360
3194,18240,8100,7560,7440,180,120,16740,9600,9600
3195,19800,8220,3060,9720,1140,6480,13800,10800,10800
3218,32580,7020,16140,19200,900,14640,16260,27000,27000
3219,32520,9720,16080,19140,1680,14520,16260,26880,26880
3220,29040,15360,12480,3180,3540,3180,5280,24840,24840
3222,26700,14280,10140,4140,2400,1260,2880,22500,22500
3223,25560,13920,9000,5040,1440,120,1740,21420,21420
3224,25020,13380,8460,6780,2700,900,1200,21240,21240
3225,23400,11520,6840,6180,2400,120,720,19620,19620
3226,22380,11520,5820,5160,1380,120,1740,18600,18600
3227,22680,12720,6120,5460,1740,180,2760,18960,18960
3240,19980,12540,10440,10260,11940,6840,18360,12600,12600
3241,20460,10260,9780,9660,1980,1140,18960,11760,11760
3242,19260,9060,8520,8460,780,60,17760,10560,10560
3243,20460,10260,9780,9660,720,420,18960,11760,11760
3244,23760,9540,7560,13920,7440,10380,11160,14880,14880
3271,28440,11580,11880,6120,5520,3720,4620,24300,24300
3272,25140,11460,8580,7920,3900,1680,2220,21420,21420
3273,23880,11340,7320,6660,2880,1620,2280,20100,20100
3274,24060,10200,7500,6840,3060,1800,2460,20340,20340
3275,25560,10740,9000,8340,4560,2040,4440,21780,21780
3288,20280,12840,10740,10560,10440,6180,18660,12900,12900
3289,21180,10980,10440,10320,2700,1860,19620,12480,12480
3290,21240,11040,10560,10440,720,540,19740,12540,12540
3291,21180,11040,10500,10380,60,540,19680,12480,12480
3292,22140,12000,11460,11340,1680,240,20640,13440,13440
3337,22020,11880,11340,11220,3600,2760,20520,13320,13320
3338,22020,11880,11340,11220,3600,2760,20520,13380,13380
3339,22320,12120,11580,11520,1800,660,20820,13620,13620
3340,23460,13320,12780,12660,3000,1440,21960,14760,14760
3341,23520,9300,7260,13680,7200,10140,10560,14640,14640
3386,25500,15900,15420,15300,5340,1080,20580,17400,17400
3387,24240,14040,13500,13380,3720,780,22260,15540,15540
3388,23760,13560,13020,12900,3240,1860,22200,15060,15060
3389,24420,14220,13740,13620,3960,1800,22920,15720,15720
343,55560,32040,19560,19620,43860,14880,29160,41400,41400
3436,28140,18000,17460,17340,2100,3120,22860,19440,19440
3437,29400,19260,18720,18600,1680,4380,24120,20760,20760
3438,32100,21960,21420,21300,2220,7080,26820,23400,23400
344,53340,29820,17340,17400,41640,12720,26940,39180,39180
345,52500,28980,16500,16560,40800,11880,26100,38340,38340
346,52800,29280,16800,16860,41100,12120,26400,38640,38640
347,54300,30780,18300,18360,42600,13680,27900,40140,40140
348,55500,31980,19500,19620,43860,14880,29160,41340,41340
3485,29940,19740,19200,19080,0,4860,24600,21240,21240
3486,31200,21000,20520,20400,1260,6120,25920,22500,22500
349,57000,33480,21000,21120,45360,16380,30660,42840,42840
350,54480,30960,18240,17940,42780,13860,28080,40320,40320
351,51660,28980,18300,17700,39720,15240,25800,37740,37740
352,51900,29220,18540,17940,40020,15480,26100,37980,37980
353,54120,31380,20760,20160,42180,17700,28260,40200,40200
354,58020,35340,24720,24120,46140,24180,32220,44100,44100
355,57360,34680,24000,23400,45420,23520,31500,43440,43440
356,57300,34620,24000,23340,45420,23460,31500,43380,43380
357,55860,33180,22560,21960,43980,22080,30060,41940,41940
358,56280,33600,22980,22380,44400,22440,30480,42360,42360
388,53760,30240,17760,18600,42060,10860,27360,37080,37080
389,54900,31380,18900,19740,43200,12000,28500,38220,38220
390,57300,33780,21300,21660,45600,14340,30900,40560,40560
391,56880,33360,20880,20940,45180,16200,30480,42660,42660
392,52080,28560,16080,16140,40380,11400,25680,37920,37920
393,52320,28800,16320,16440,40680,11700,25980,38160,38160
394,51840,28320,15840,15960,40200,11220,25500,37680,37680
395,52320,28800,16320,16380,40620,11700,25920,38160,38160
396,55980,32460,19980,20040,44280,15300,29580,41820,41820
397,53400,29880,17160,16860,41760,12780,27060,39240,39240
398,54060,30540,17820,17520,42420,13440,27720,39900,39900
399,50760,28080,17460,16800,38880,14400,24960,36840,36840
400,52380,29700,19080,18420,40500,16020,26580,38460,38460
401,53820,31140,20520,19920,41940,17460,28020,39900,39900
402,57000,34320,23700,23100,45120,23160,31200,43080,43080
403,56280,33600,22980,22320,44400,22440,30480,42360,42360
404,55320,32640,22020,21420,43440,21480,29520,41400,41400
405,55260,32520,21900,21300,43320,21420,29400,41340,41340
406,55980,33300,22680,22080,44100,22140,30180,42060,42060
436,52740,29220,16740,17580,41040,9780,26340,36000,36000
437,52980,29460,16980,17820,41280,10020,26580,36240,36240
438,53160,29640,17100,18000,41460,10200,26760,36420,36420
439,52020,28500,16020,16080,40320,10260,25620,36480,36480
440,51000,27480,15000,15120,39360,10380,24660,36900,36900
441,50340,26820,14340,14400,38640,9720,23940,36180,36180
442,51480,27960,15480,15540,39780,10860,25140,37320,37320
443,51120,27600,15120,15180,39480,10500,24780,37020,37020
444,51540,28020,15300,14940,39840,10860,25140,37380,37380
445,52140,28620,15900,15600,40440,11460,25740,37980,37980
446,49500,26820,16140,15540,37620,13080,23700,35580,35580
447,49740,27060,16440,15840,37860,13380,23940,35820,35820
448,52920,30240,19620,19020,41040,16560,27120,39000,39000
449,54180,31500,20880,20220,42300,17760,28380,40260,40260
450,54720,32040,21420,20760,42840,18360,28920,40800,40800
451,54360,31620,21000,20400,42420,20520,28500,40440,40440
452,53460,30780,20160,19560,41580,19620,27660,39540,39540
453,53820,31140,20520,19920,41940,19980,28020,39900,39900
454,54420,31740,21120,20520,42540,20640,28620,40500,40500
484,51480,27960,15480,16320,39840,8580,25140,34800,34800
485,51780,28260,15780,16620,40080,8820,25380,35040,35040
486,51180,27660,15180,15240,39480,9180,24780,35400,35400
487,50160,26640,14160,14220,38460,9480,23820,35700,35700
488,49500,25980,13500,13560,37800,8820,23100,35340,35340
489,49620,26100,13620,13680,37920,9000,23220,35460,35460
490,50100,26580,14100,14160,38400,9480,23700,35940,35940
491,51000,27480,14880,14580,39300,10380,24600,36840,36840
492,50400,26880,14160,13800,38700,9720,24000,36240,36240
493,51540,28020,15300,15000,39840,10920,25140,37380,37380
494,48660,25920,15300,14700,36720,12240,22800,34740,34740
495,48300,25620,15000,14400,36420,13080,22500,34380,34380
496,54780,32100,21480,20880,42900,18420,28980,40860,40860
497,49620,26940,16320,15660,37740,15780,23820,35700,35700
498,49680,27000,16380,15780,37800,15900,23880,35760,35760
499,53760,31080,20400,19800,41880,19920,27960,39840,39840
500,53100,30420,19800,19140,41220,19260,27300,39180,39180
501,51840,29160,18540,17940,39960,18060,26040,37920,37920
502,51840,29100,18480,17880,39900,18000,25980,37920,37920
503,52980,30240,19620,19020,41040,19140,27120,39060,39060
532,50280,26760,14280,15120,38580,7320,23880,33540,33540
533,51060,27540,15060,15900,39360,8100,24660,34320,34320
534,50400,26880,14400,15240,38700,7860,24000,34080,34080
535,49500,25980,13500,13560,37800,8880,23100,35340,35340
536,48660,25140,12660,12720,36960,7980,22260,34500,34500
537,48240,24720,12240,12360,36600,7620,21900,34080,34080
538,49260,25740,13260,13320,37560,8640,22920,35100,35100
539,48900,25380,12900,12960,37200,8280,22500,34740,34740
540,49560,26040,13320,12960,37860,8880,23160,35400,35400
541,48180,25500,14820,14280,36300,10440,22380,34260,34260
542,47640,24960,14280,13680,35700,10560,21780,33720,33720
543,47040,24360,13740,13140,35160,11820,21240,33120,33120
544,46980,24300,13680,13080,35100,13140,21180,33060,33060
545,48000,25320,14700,14040,36120,14160,22200,34080,34080
546,49080,26400,15720,15120,37140,15240,23220,35160,35160
547,49860,27180,16560,15960,37980,16080,24060,35940,35940
548,50700,28020,17400,16800,38820,16920,24900,36780,36780
549,50820,28140,17520,16920,38940,16980,25020,36900,36900
550,51360,28680,18060,17400,39480,17520,25560,37440,37440
551,52260,29580,18960,18300,40380,18420,26460,38340,38340
580,49080,25560,13080,13920,37380,6180,22680,32340,32340
581,49740,26220,13740,14580,38040,6840,23340,33060,33060
582,49200,25680,13200,14040,37500,6660,22800,32880,32880
583,49440,25920,13440,13500,37740,7080,23040,33300,33300
584,48660,25140,12660,12780,37020,8040,22320,34560,34560
585,46800,23280,10740,10860,35100,6120,20400,32640,32640
586,47640,24120,11640,11700,35940,7020,21240,33480,33480
587,47700,24180,11460,11100,36000,7020,21300,33540,33540
588,48120,24600,11880,11580,36420,7500,21720,33960,33960
589,49020,25980,13260,12960,37140,8880,23160,35100,35100
590,45960,23280,12660,12000,34080,12120,20160,32040,32040
591,45540,22860,12240,11640,33660,11700,19740,31620,31620
592,45540,22860,12240,11580,33660,11700,19740,31620,31620
593,46020,23340,12720,12060,34140,12180,20220,32100,32100
594,49740,27060,16440,15840,37860,15960,23940,35820,35820
595,48960,26280,15660,15060,37080,15180,23160,35040,35040
596,48960,26280,15660,15000,37080,15120,23160,35040,35040
597,50220,27540,16860,16260,38340,16380,24420,36300,36300
598,51120,28440,17820,17220,39240,17340,25320,37200,37200
599,51780,29100,18480,17880,39900,18000,25980,37860,37860
628,48900,25380,12900,13740,37200,5940,22500,32160,32160
631,46500,22980,10500,11340,34800,4980,20100,32340,32340
632,46020,22500,10020,10860,34320,5400,19620,31860,31860
633,46020,22500,10020,10140,34380,5400,19680,31920,31920
634,45420,21900,9420,9300,33720,4800,19020,31260,31260
635,46860,23340,10620,10320,35160,6240,20520,32700,32700
636,46920,23400,10680,10380,35220,6300,20520,32760,32760
637,46440,23760,11460,11160,34560,7080,20640,32520,32520
638,45420,22740,12120,11460,33540,11580,19620,31500,31500
639,44460,21720,11100,10500,32520,10620,18600,30540,30540
640,44340,21660,10980,10380,32460,10500,18540,30420,30420
641,44640,21960,11340,10740,32760,10800,18840,30720,30720
642,46800,24120,13440,12840,34920,12960,21000,32880,32880
643,48180,25500,14880,14280,36300,14340,22380,34260,34260
644,47940,25260,14640,14040,36060,14160,22140,34020,34020
645,49320,26580,15960,15360,37380,15480,23460,35400,35400
646,49620,26940,16320,15720,37740,15780,23820,35700,35700
647,50700,28020,17400,16800,38820,16860,24900,36780,36780
679,45180,21660,9180,10020,33480,3660,18780,31020,31020
680,45480,21960,9480,10320,33780,4860,19080,31320,31320
681,44580,21060,8580,9420,32940,3960,18240,30420,30420
682,44460,20940,8460,8460,32760,3840,18120,30300,30300
683,45600,22080,9360,9060,33960,4980,19260,31440,31440
684,46020,23280,10560,10260,34140,6180,20220,32100,32100
685,44220,21540,10920,10320,32340,7440,18420,30300,30300
686,43140,20460,9840,9180,31260,9240,17340,29220,29220
687,43380,20700,10080,9480,31500,9540,17580,29460,29460
688,43380,20700,10080,9480,31500,9540,17580,29460,29460
689,45660,22980,12360,11700,33780,11820,19860,31740,31740
690,46320,23640,13020,12420,34440,12480,20520,32400,32400
691,46080,23340,12720,12120,34140,12240,20220,32160,32160
692,47160,24480,13860,13200,35280,13320,21360,33240,33240
693,48060,25380,14760,14100,36180,14220,22260,34140,34140
694,48900,26220,15600,14940,37020,15060,23100,34980,34980
727,44640,21120,8640,9480,32940,3120,18240,30480,30480
728,44880,21360,8880,9720,33180,4200,18480,30720,30720
729,43140,19620,7140,7980,31440,2460,16740,28980,28980
730,43680,20100,7620,8520,31980,3060,17280,29520,29520
731,43500,19980,7200,6900,31800,4020,17100,29340,29340
732,47400,23880,11160,10860,35700,6780,21060,33240,33240
733,44400,21720,11100,10440,32520,8640,18600,30480,30480
734,43680,21000,10380,9780,31800,9360,17880,29760,29760
735,41640,18960,8340,7680,29760,7800,15840,27720,27720
736,42180,19500,8880,8220,30300,8340,16380,28260,28260
737,42540,19800,9180,8580,30600,8700,16680,28620,28620
738,45900,23160,12540,11940,33960,12060,20040,31980,31980
739,44880,22200,11520,10920,33000,11040,19080,30960,30960
740,45960,23280,12660,12000,34080,12120,20160,32040,32040
741,47100,24420,13800,13140,35220,13260,21300,33180,33180
742,48180,25500,14880,14280,36300,14340,22380,34260,34260
743,50880,28200,17580,16980,39000,17100,25080,36960,36960
775,43560,20040,7560,8400,31920,960,17220,29400,29400
776,42300,18780,6300,7140,30600,1080,15900,28140,28140
777,42000,18480,6000,6840,30300,1380,15600,27840,27840
778,42480,18960,6480,7320,30780,1860,16080,28320,28320
779,44580,21060,8400,8100,32880,4020,18180,30420,30420
780,41940,18420,5640,5340,30240,4500,15540,27780,27780
781,41580,18060,5280,4980,29880,4680,15180,27420,27420
782,41340,18360,5580,5280,29460,5520,15540,27420,27420
783,40800,18120,7500,6900,28920,7020,15000,26880,26880
784,41400,18720,8100,7500,29520,7560,15600,27480,27480
785,43860,21180,10560,9900,31980,10020,18060,29940,29940
786,43380,20640,10020,9420,31440,9540,17520,29460,29460
787,46620,23940,13320,12660,34740,12780,20820,32700,32700
788,47520,24840,14160,13560,35580,13680,21660,33600,33600
789,47820,25140,14520,13860,35940,13980,22020,33900,33900
790,49140,26460,15840,15180,37260,15300,23340,35220,35220
823,42480,18960,6480,7320,30780,120,16080,28320,28320
824,41460,17940,5460,6300,29760,60,15060,27300,27300
825,40800,17280,4800,5640,29160,240,14460,26640,26640
826,40860,17340,4860,5760,29220,1020,14520,26760,26760
827,42060,18480,6000,6900,30360,2160,15660,27900,27900
828,40860,17340,4560,4260,29160,4140,14460,26700,26700
829,40740,17220,4440,4140,29040,3900,14340,26580,26580
830,40260,17460,4680,4380,28380,4620,14460,26340,26340
831,39480,16800,6000,5400,27600,5640,13680,25560,25560
832,40260,17580,6960,6300,28380,6420,14460,26340,26340
833,44220,21480,10860,10260,32280,10380,18360,30300,30300
834,44220,21540,10920,10320,32340,10380,18420,30300,30300
835,47520,24840,14220,13620,35640,13680,21720,33600,33600
836,47880,25200,14580,13980,36000,14100,22080,33960,33960
837,48540,25860,15240,14640,36660,14700,22740,34620,34620
838,49500,26820,16200,15540,37620,15660,23700,35580,35580
871,42540,19020,6480,7380,30840,2040,16140,28380,28380
872,41340,17820,5340,6180,29640,1440,14940,27180,27180
873,40260,16740,4260,5100,28560,840,13860,26100,26100
874,39180,15660,3180,4020,27480,300,12840,25020,25020
875,38700,15180,2700,3540,27060,840,12360,24540,24540
876,38820,15300,2820,3660,27120,1260,12420,24660,24660
877,39780,16260,3480,3180,28080,3360,13380,25620,25620
878,39540,16860,4620,4320,27660,4560,13740,25620,25620
879,38340,15660,5100,4440,26460,4560,12540,24420,24420
880,39240,16560,6060,5400,27300,4020,13380,25320,25320
881,45600,22920,12300,11640,33720,11760,19800,31680,31680
882,39960,17340,9300,8700,28080,3960,14160,26040,26040
883,40380,17700,9720,9060,28500,4380,14580,26460,26460
884,48420,25740,15120,14460,36540,14580,22620,34500,34500
885,49680,27000,16380,15780,37800,15900,23880,35760,35760
921,40860,17340,4860,5700,29160,1980,14460,26700,26700
922,38040,14520,3360,4380,26340,2640,11640,23880,23880
923,37560,14040,1560,2400,25860,360,11220,23400,23400
924,37800,14280,1620,1500,26160,1440,11460,23640,23640
925,38640,15120,2340,2040,26940,2220,12240,24480,24480
926,38460,15240,3300,2700,26580,3360,12360,24540,24540
927,37440,14700,4680,4020,25500,3420,11580,23520,23520
928,38700,16020,5640,5040,26760,2700,12840,24780,24780
929,38040,15420,6900,6300,26160,2100,12240,24120,24120
930,38580,15900,7920,7260,26700,2580,12780,24660,24660
931,39480,16860,9120,8520,27600,3480,13680,25560,25560
932,39960,17340,10440,9840,28080,3960,14160,26040,26040
933,60120,37440,26820,26160,48240,26280,34320,46200,46200
969,37680,14160,3420,4380,25980,2340,11280,23520,23520
970,36960,13440,2040,3060,25260,1440,10560,22800,22800
971,36300,12780,600,1560,24600,180,9900,22140,22140
972,37080,13560,600,360,25380,840,10680,22920,22920
973,37080,13860,1920,1080,25200,2040,10980,23160,23160
974,36420,13500,3300,2460,24540,3480,10620,22500,22500
975,36240,13560,4320,3480,24360,2880,10440,22320,22320
976,37200,14580,5640,4800,25320,1860,11400,23280,23280
977,37260,14640,7560,6960,25380,1320,11460,23400,23400
978,37500,14820,8880,8280,25560,1500,11640,23580,23580
979,39540,16860,10020,9420,27660,3540,13740,25620,25620
980,40200,17580,10740,10080,28320,4260,14400,26280,26280
981,59820,37140,26460,25860,47940,25980,34020,45900,45900
