1015,1015
1016,1016
1017,1017
1018,1018
1019,1019,1020,1115
1020,1019,1020,972
1021,1021,973
1022,1022,1069,974
1023,1023
1024,1024
1025,1025
1026,1026
1027,1027,1075
1028,1028
106,106,154,155
1061,1061,1109,1110
1062,1062
1063,1063,1064
1064,1063,1064,1065
1065,1064,1065,1066
1066,1065,1066
1067,1067
1068,1068,1069
1069,1022,1068,1069,1165
107,155
1070,1070
1071,1071
1072,1072
1073,1073
1074,1074
1075,1027,1075,1123
1076,1076
1077,1077
108,155
1109,1061,1109,1110
1110,1061,1110
1111,1111,1112
1112,1111,1112,1160
1113,1113,1114
1114,1113,1114
1115,1115
1116,1116,1164
1117,1117
1118,1118
1119,1119
1120,1120
1121,1121
1122,1123
1123,1075,1123
1124,1124
1125,1125
1126,1126
1158,1158
1159,1159
1160,1112,1160
1161,1161
1162,1162,1163
1163,1162,1163,1211
1164,1116,1164
1165,1165,1213
1166,1166
1167,1167
1168,1168
1169,1169,1170
1170,1169,1170
1171,1171
1172,1172
1173,1173
1206,1206
1207,1207
1208,1208
1209,1209
1210,1210
1211,1163,1211
1212,1212
1213,1165,1213
1214,1214
1215,1215
1216,1168,1216,1217
1217,1216,1217
1218,1218
1219,1218,1219
1220,1220
1254,1254
1255,1255
1256,1256
1258,1258,1306
1259,1259
1260,1260
1261,1261,1309
1262,1262
1263,1262,1263
1264,1264,1265
1265,1264,1265
1266,1266
1267,1267
1268,1268
1304,1304
1305,1305
1306,1258,1306
1307,1307
1308,1308
1309,1261,1309
1310,1310,1358
1311,1311
1312,1312,1360
1313,1313
1314,1314
1315,1315
1316,1316
1352,1352,1353
1353,1352,1353
1354,1354
1355,1355
1356,1356
1357,1357
1358,1310,1358,1359,1406
1359,1358,1359,1407
1360,1312,1360
1361,1361,1409
1362,1362,1410
1363,1363
1398,1398
1399,1399
1400,1400
1401,1401
1402,1402
1403,1403
1404,1404
1405,1405
1406,1358,1406
1407,1359,1407,1408
1408,1407,1408,1456
1409,1361,1409
1410,1410,1458
1411,1411,1458,1459
1445,1445
1446,1446
1447,1447
1448,1448
1449,1449
1450,1450
1452,1452
1453,1453,1454,1501
1454,1453,1454,1501,1502
1455,1455,1503
1456,1408,1456
1457,1457
1458,1410,1411,1458,1459
1459,1411,1458,1459
1493,1493
1494,1494
1495,1495,1496,1543,1544
1496,1495,1496,1544,1545
1497,1497,1544,1545
1498,1498
1500,1500
1501,1453,1454,1501,1502
1502,1454,1501,1502,1550
1503,1455,1503,1504
1504,1503,1504
1505,1505
1506,1506
1507,1507
154,106,154,155
1541,1541,1542
1542,1541,1542
1543,1495,1543,1544,1591
1544,1495,1496,1497,1543,1544,1545
1545,1496,1497,1544,1545
1546,1546
1547,1546
1548,1548,1549
1549,1548,1549
155,155,203
1550,1502,1550
1551,1551
1552,1552
1553,1553
1554,1554
1555,1555
1556,1556
1557,1557
156,155,203
1589,1589,1637
1590,1590
1591,1543,1591,1639
1592,1592
1593,1593
1594,1594
1595,1595
1596,1596
1597,1597
1598,1598,1599
1599,1598,1599
1600,1600
1601,1601
1602,1602,1603
1603,1602,1603
1604,1604
1605,1605,1653
1606,1606
1637,1589,1637,1685
1638,1638,1639
1639,1591,1638,1639
1640,1640
1641,1641
1642,1642
1643,1643
1645,1645,1646,1693,1694
1646,1645,1646
1647,1647
1648,1648,1695
1649,1649,1697
1650,1650
1651,1651
1652,1652,1653
1653,1605,1652,1653
1685,1637,1685,1686,1733
1686,1685,1686,1733,1734
1687,1687,1735
1688,1688,1689
1689,1688,1689
1690,1690
1691,1691
1693,1645,1693,1741
1694,1645,1694,1741,1742
1695,1648,1695
1696,1696
1697,1649,1697,1698
1698,1697,1698
1699,1699
1700,1700,1748
1733,1685,1686,1733,1734,1781
1734,1686,1733,1734
1735,1687,1735
1736,1736,1784
1737,1737
1738,1738,1786
1739,1739
1740,1740
1741,1693,1694,1741,1742,1789
1742,1694,1741,1742
1743,1743
1744,1744
1745,1745
1746,1746,1747,1794
1747,1746,1747,1748,1795
1748,1700,1747,1748
1749,1749
1781,1733,1781,1829
1782,1782
1783,1783
1784,1736,1784
1785,1785,1786,1833
1786,1738,1785,1786,1787
1787,1786,1787
1788,1788
1789,1741,1789
1790,1790
1791,1791,1792
1792,1791,1792,1793
1793,1792,1793
1794,1746,1794,1842
1795,1747,1795,1796,1843
1796,1795,1796,1797
1797,1796,1797,1844
1829,1781,1829
1830,1830
1831,1831,1832
1832,1831,1832,1833,1880
1833,1785,1786,1832,1833,1834,1881
1834,1833,1834,1882
1835,1835,1883
1836,1836
1837,1836,1837,1884
1838,1838
1839,1839
1840,1840
1841,1841,1842,1889
1842,1794,1841,1842
1843,1795,1842,1843,1844,1891
1844,1796,1797,1843,1844,1845,1892
1845,1844,1845,1893
1877,1877,1878,1925
1878,1877,1878
1879,1879
1880,1832,1880,1881
1881,1833,1880,1881,1882
1882,1834,1881,1882,1930
1883,1835,1883
1884,1837,1884
1885,1885
1886,1886
1887,1887,1935
1888,1888
1889,1841,1889,1890,1937,1938
1890,1889,1890,1891,1938,1939
1891,1843,1890,1891
1892,1844,1892
1893,1845,1893
1894,1894
1895,1895
1925,1877,1925
1926,1926
1927,1927,1975
1928,1928
1929,1880,1881,1929
1930,1882,1930
1931,1931
1932,1932
1933,1933,1934
1934,1934,1935
1935,1887,1934,1935,1936
1936,1935,1936,1984
1937,1889,1937,1938,1985
1938,1889,1890,1937,1938,1939
1939,1890,1938,1939,1940,1987
1940,1939,1940,1988
1941,1941
1942,1942
1943,1943,1944
1944,1943,1944,1945
1945,1944,1945
1974,1926,1974
1975,1927,1975
1976,1976,2023,2024
1977,1977,2025
1978,1978
1979,1979
1980,1980
1981,1981
1982,1982,1983
1983,1982,1983
1984,1936,1984,1985,2032
1985,1984,1985,2032
1986,1986
1987,1939,1987,1988
1988,1987,1988,1989
1989,1988,1989,2037
1990,1990
1991,1943,1991,2039
1992,1992,2040
1993,1944,1993
1994,1994
2007,2007
2008,2008
2009,2009
201,201
202,155,203,251
2023,1976,2023,2024
2024,1976,2023,2024
2025,1977,2025
2026,2026
2027,2027
2028,2028
2029,2029
203,155,203,251
2030,1982,2030,2031
2031,1983,2030,2031,2079
2032,1984,1985,2032
2033,2033,2080,2081
2034,2034,2082
2035,2035
2036,2036,2037
2037,1989,2036,2037
2038,2038,2039,2086
2039,1991,2038,2039,2040
204,155,203,251
2040,1992,2039,2040
2041,2041,2042
2042,2041,2042
2054,2054,2055,2102
2055,2054,2055,2102,2103
2056,2056
2057,2057,2104
2058,2058
2059,2059
2060,2060
2072,2072
2073,2073
2074,2074,2075
2075,2074,2075
2076,2076
2077,2077,2125
2078,2078
2079,2031,2079,2127
2080,2079,2080
2081,2033,2081,2082
2082,2081,2082
2083,2035,2083,2084,2131
2084,2083,2084,2085
2085,2084,2085,2133
2086,2038,2085,2086
2087,2087
2088,2088
2089,2089,2137
2090,2089,2090
2098,2098,2099,2146
2099,2098,2099,2147
2100,2100
2101,2101,2102,2149
2102,2054,2055,2101,2102,2103,2149
2103,2055,2102,2103,2104
2104,2057,2104
2105,2105
2106,2106
2107,2107,2108,2155
2108,2107,2108
2121,2121
2122,2122,2170
2123,2123
2124,2124
2125,2077,2125,2173
2126,2126
2127,2079,2127,2128,2175
2128,2127,2128,2175,2176
2129,2129,2130
2130,2082,2129,2130,2131,2177,2178
2131,2083,2130,2131
2132,2131,2132,2180
2133,2085,2133,2134,2181
2134,2133,2134,2135,2182,2183
2135,2087,2134,2135,2183
2136,2136
2137,2089,2137,2185
2138,2138
2143,2143,2144,2191,2192
2144,2143,2144,2191,2192,2193
2145,2145,2146
2146,2098,2145,2146
2147,2099,2147
2148,2148,2149,2196
2149,2101,2102,2148,2149
2150,2150,2151
2151,2150,2151,2152,2199,2200
2152,2151,2152,2199,2200
2153,2153,2154
2154,2153,2154,2202
2155,2107,2155,2203
2156,2156
2157,2157
2164,2164
2165,2165
2166,2166
2169,2169
2170,2122,2170
2171,2171
2172,2172,2220
2173,2125,2173
2174,2174
2175,2127,2128,2175,2176
2176,2127,2128,2175,2176
2177,2130,2177,2178
2178,2130,2177,2178,2226
2179,2179
2180,2132,2180,2228
2181,2180,2181,2182,2229
2182,2134,2135,2181,2182,2183
2183,2135,2182,2183,2231
2184,2184
2185,2137,2185,2186
2186,2186
2188,2188,2189
2189,2188,2189,2237
2190,2190,2238
2191,2143,2144,2190,2191,2192,2238,2239
2192,2143,2144,2191,2192,2193
2193,2144,2192,2193
2194,2194,2242,2243
2195,2195,2196,2243
2196,2148,2195,2196,2197,2243,2244,2245
2197,2196,2197,2244,2245
2198,2198
2199,2151,2152,2199,2200
2200,2151,2152,2199,2200
2201,2201,2202
2202,2201,2202
2203,2155,2203
2204,2204,2251
2212,2212
2213,2213
2214,2214
2215,2215
2216,2216
2217,2217
2218,2218
2219,2219
2220,2220,2221,2268
2221,2220,2221,2268,2269
2222,2222
2223,2078,2175,2223,2224,2271
2224,2223,2224,2225
2225,2225
2226,2178,2226,2274
2227,2227
2228,2228,2229,2276
2229,2181,2229,2230
2230,2230,2278
2231,2183,2231,2232,2279,2280
2232,2231,2232,2233,2280
2233,2232,2233
2234,2234,2235
2235,2234,2235,2236,2283
2236,2235,2236,2283
2237,2189,2237,2238,2284
2238,2190,2237,2238
2239,2191,2239,2240
2240,2240
2241,2241,2289
2242,2194,2242,2243,2291
2243,2194,2195,2196,2242,2243,2244,2291
2244,2196,2197,2243,2244,2245,2291,2292
2245,2196,2197,2244,2245
2246,2246
2247,2247,2248
2248,2247,2248
2249,2249,2297
2250,2250
2251,2204,2251
2252,2252
2253,2253,2300,2301
2254,2254
2260,2260,2261
2261,2260,2261
2262,2262
2263,2263
2264,2264,2312
2265,2265
2266,2266
2267,2267,2268
2268,2220,2221,2267,2268
2269,2221,2269,2270,2317
2270,2269,2270
2271,2223,2271
2272,2272
2273,2273
2274,2226,2274
2275,2275
2276,2228,2276,2277
2277,2230,2276,2277,2278,2325,2326
2278,2277,2278,2279,2326,2327
2279,2231,2278,2279,2327
2280,2232,2279,2280
2281,2281
2282,2282,2283
2283,2235,2236,2282,2283
2284,2237,2284
2285,2285
2286,2286
2287,2287
2288,2288,2336
2289,2241,2289,2290,2337,2338
2290,2289,2290,2338
2291,2242,2243,2244,2291
2292,2244,2292
2293,2293
2294,2294
2295,2295
2296,2296
2297,2249,2297
2298,2298
2299,2299,2347
2300,2300,2301
2301,2253,2300,2301
2302,2302,2303,2350
2303,2302,2303,2350
2310,2310,2311
2311,2310,2311,2359
2312,2264,2312
2313,2313,2361
2314,2314,2315
2315,2314,2315
2316,2316
2317,2269,2317
2318,2318
2319,2319,2320,2368
2320,2319,2320,2368
2321,2321
2322,2322
2323,2323
2324,2276,2324
2325,2277,2325,2326
2326,2277,2278,2325,2326,2327,2374
2327,2278,2279,2326,2327,2374,2375
2328,2328
2329,2329,2377
2330,2330,2331,2378
2331,2330,2331
2332,2332,2333,2380
2333,2333
2334,2334,2335,2381,2382
2335,2334,2335,2336
2336,2288,2335,2336,2384
2337,2289,2336,2337,2338,2385
2338,2289,2290,2337,2338,2385
2339,2339
2340,2340,2388
2341,2341
2342,2342,2343
2343,2342,2343
2344,2344
2345,2345
2346,2346
2347,2299,2347
2348,2348,2349
2349,2348,2349,2398
2350,2302,2303,2350
2359,2311,2359
2360,2360
2361,2313,2361
2362,2362,2363
2363,2363
2364,2364
2365,2365
2366,2366,2413
2367,2367,2415
2368,2319,2320,2367,2368
2369,2369
2370,2370
2371,2371
2372,2372
2373,2373,2374
2374,2326,2327,2373,2374
2375,2327,2375
2376,2376,2424
2377,2329,2377,2378,2425,2426
2378,2330,2377,2378,2425,2426
2379,2379,2427
2380,2332,2380
2381,2334,2381,2382,2429
2382,2334,2381,2382,2429,2430
2383,2383,2431
2384,2336,2384
2385,2337,2338,2385,2386
2386,2385,2386
2387,2387
2388,2340,2388,2436
2389,2389,2437
2390,2390
2391,2391
2392,2392
2393,2393
2394,2394
2395,2395,2443
2396,2396,2397,2444
2397,2396,2397,2444,2445
2398,2349,2398
2408,2408
2409,2361,2409
2410,2410
2411,2411
2412,2364,2412
2413,2366,2413,2414
2414,2413,2414,2462
2415,2367,2415,2463
2416,2416
2417,2416,2417
2418,2418,2467
2419,2419
2420,2372,2420
2421,2421,2422
2422,2374,2421,2422
2423,2423
2424,2376,2424,2425,2472
2425,2377,2378,2425,2426,2473
2426,2378,2425,2426,2473
2427,2379,2427
2428,2428,2475,2476
2429,2381,2429,2430,2477,2478
2430,2382,2429,2430,2477,2478,2479
2431,2383,2431,2432,2479
2432,2431,2432
2433,2386,2433
2434,2434,2435,2482
2435,2434,2435
2436,2388,2436
2437,2389,2437,2438
2438,2437,2438,2439
2439,2438,2439,2440,2487
2440,2439,2440,2441,2488
2441,2441,2442
2442,2441,2442,2490
2443,2395,2443,2444
2444,2396,2397,2443,2444,2445
2445,2397,2444,2445,2492,2493
2457,2457
2458,2458
2459,2459
2460,2460
2461,2461,2462,2509
2462,2414,2462,2463
2463,2415,2462,2463,2464
2464,2463,2464,2511,2512
2465,2465
2466,2466,2467,2514
2467,2467,2515
2468,2468
2469,2468,2469
2470,2470
2471,2471,2472
2472,2424,2472
2473,2425,2426,2473,2474
2474,2473,2474
2475,2428,2475,2476,2523,2524
2476,2428,2429,2475,2476,2477,2523,2524,2525
2477,2429,2430,2476,2477,2478,2525,2526
2478,2429,2430,2477,2478,2479,2525,2526
2479,2430,2431,2478,2479,2480,2526,2527
2480,2479,2480
2481,2481,2482
2482,2434,2481,2482
2483,2483,2530,2531
2484,2484
2485,2485,2486
2486,2485,2486
2487,2439,2487,2488,2535,2536
2488,2487,2488,2489,2535,2536
2489,2488,2489,2490,2537
2490,2442,2489,2490,2538
2491,2491,2539
2492,2445,2492,2493
2493,2445,2492,2493
250,298
2504,2504
2505,2505
2506,2506
2507,2507
2508,2461,2508
2509,2461,2509
251,203,251,299
2510,2510,2558
2511,2464,2511,2512,2559
2512,2464,2511,2512,2513,2560
2513,2465,2512,2513
2514,2466,2514
2515,2514,2515,2516,2563
2516,2516
2517,2469,2517
2518,2518
2519,2519
252,203,251
2520,2520
2521,2521,2522
2522,2521,2522
2523,2475,2476,2523,2524
2524,2476,2523,2524,2525
2525,2476,2477,2478,2525,2526
2526,2477,2478,2479,2525,2526,2527
2527,2479,2526,2527,2528,2575,2576
2528,2527,2528,2576
2529,2529,2530,2576,2577
253,300
2530,2483,2529,2530,2531,2577,2578
2531,2483,2530,2531,2532,2578
2532,2531,2532,2533,2580,2581
2533,2532,2533,2581
2534,2534
2535,2487,2488,2535,2536
2536,2487,2488,2535,2536,2537,2584,2585
2537,2489,2536,2537,2538,2584,2585
2538,2490,2537,2538
2539,2491,2539
2540,2540,2541
2541,2540,2541
2552,2552
2553,2553
2554,2554
2555,2555,2603
2556,2556
2557,2557,2558
2558,2510,2557,2558,2559
2559,2511,2512,2558,2559
2560,2512,2560
2561,2561
2562,2562,2563
2563,2563
2564,2564
2565,2565,2566
2566,2565,2566
2567,2567
2568,2568
2569,2569
2570,2570
2571,2571
2572,2572
2573,2573,2574
2574,2573,2574,2622
2575,2527,2575,2576
2576,2528,2575,2576,2577
2577,2529,2530,2576,2577,2578
2578,2530,2531,2577,2578,2579,2627
2579,2578,2579,2580,2626,2627
2580,2532,2579,2580,2581,2627,2628,2629
2581,2533,2580,2581,2628,2629
2582,2582,2583,2631
2583,2582,2583,2631
2584,2536,2537,2584,2585
2585,2536,2537,2584,2585,2633
2586,2586
2587,2587,2588,2635,2636
2588,2587,2588,2635,2636
2589,2589,2637,2638
2602,2602
2603,2555,2603
2604,2603,2604
2605,2604,2605
2606,2558,2606
2607,2607
2608,2608
2609,2609
2610,2610,2611
2611,2610,2611
2612,2612
2613,2613
2614,2614,2615
2615,2614,2615
2616,2616,2664
2617,2616,2617
2618,2618
2619,2619,2620,2667
2620,2619,2620,2668
2621,2621
2622,2574,2622,2623
2623,2622,2623,2624
2624,2623,2624,2625,2672
2625,2624,2625,2626
2626,2579,2625,2626,2627,2673,2674,2675
2627,2578,2579,2626,2627,2628,2674,2675
2628,2580,2581,2627,2628,2629,2676
2629,2580,2581,2628,2629,2630,2676
2630,2629,2630
2631,2582,2583,2631,2632,2679,2680
2632,2631,2632,2633,2679,2680
2633,2584,2585,2632,2633,2634,2681
2634,2633,2634,2635
2635,2587,2588,2634,2635,2636,2683
2636,2587,2588,2635,2636,2683,2684
2637,2589,2637,2638,2685
2638,2589,2637,2638,2685
2648,2648
2649,2649
2650,2650,2698
2651,2651
2652,2652
2653,2653
2654,2654
2655,2654,2655,2800
2656,2656
2657,2657,2705
2658,2658,2706
2659,2659,2707
2660,2660
2661,2661
2662,2662
2663,2663
2664,2616,2664
2665,2665
2666,2666,2714
2667,2619,2667
2668,2620,2668
2669,2669
2670,2670
2671,2623,2671,2672,2719
2672,2624,2671,2672,2673
2673,2626,2672,2673,2674,2721
2674,2626,2627,2673,2674,2675
2675,2626,2627,2674,2675,2676,2723
2676,2628,2629,2675,2676,2677
2677,2629,2676,2677,2725
2678,2678,2725,2726
2679,2631,2632,2678,2679,2680,2727
2680,2631,2632,2679,2680,2681
2681,2633,2680,2681,2729
2682,2682,2730
2683,2635,2636,2683
2684,2635,2636,2684,2685,2732
2685,2637,2638,2684,2685,2686,2733
2686,2685,2686,2687
2687,2686,2687,2735
2696,2696
2697,2697,2745
2698,2650,2698,2699,2746
2699,2698,2699,2746
2700,2700
2701,2700,2701
2702,2702,2703
2703,2702,2703,2751
2704,2704,2752
2705,2657,2704,2705,2752,2753
2706,2658,2705,2706
2707,2659,2707
2708,2708
2709,2709,2757
2710,2710,2759
2711,2711
2712,2712,2760
2713,2713
2714,2666,2713,2714
2715,2715
2716,2716,2763,2764
2718,2718,2767
2719,2671,2719,2720
2720,2719,2720
2721,2673,2721
2722,2722,2723,2770
2723,2675,2676,2722,2723,2770,2771
2724,2724,2725,2772
2725,2677,2678,2724,2725
2726,2678,2726,2727
2727,2679,2727,2728,2775
2728,2727,2728,2776
2729,2681,2729
2730,2682,2730,2778
2731,2731,2732,2779
2732,2684,2731,2732,2780
2733,2685,2733
2734,2734,2735,2782
2735,2687,2734,2735,2736,2783
2736,2735,2736,2783
2744,2744
2745,2697,2745
2746,2698,2699,2746
2747,2747
2748,2748,2749
2749,2748,2749,2797
2750,2750
2751,2703,2751,2752
2752,2704,2705,2751,2752,2753,2800
2753,2705,2752,2753,2754,2801
2754,2753,2754
2755,2755
2756,2756,2757,2804
2757,2709,2756,2757
2758,2710,2758,2759
2759,2710,2758,2759
2760,2760,2761,2808
2761,2760,2761,2809
2762,2762
2763,2716,2763,2764,2811
2764,2716,2763,2764
2767,2718,2767,2768
2768,2767,2768
2769,2769,2770
2770,2722,2723,2769,2770,2771,2818
2771,2723,2770,2771,2819
2772,2724,2772,2773,2820
2773,2725,2772,2773,2774
2774,2773,2774,2822
2775,2775,2776
2776,2728,2775,2776
2777,2777
2778,2730,2778,2779
2779,2731,2778,2779,2780
2780,2732,2779,2780
2781,2781,2829
2782,2734,2782,2783
2783,2735,2782,2783,2831
2791,2791
2792,2792,2793,2840
2793,2792,2793,2841
2794,2794
2795,2795
2796,2796,2797,2844
2797,2749,2796,2797,2798,2845
2798,2750,2797,2798,2845
2799,2799,2847
2800,2752,2800
2801,2753,2801,2802
2802,2801,2802
2803,2803
2804,2756,2804
2805,2805
2806,2806,2853
2807,2759,2807
2808,2760,2808,2809
2809,2761,2808,2809,2810
2810,2809,2810,2811
2811,2763,2810,2811,2812,2858,2859
2812,2811,2812
2816,2816,2817
2817,2816,2817
2818,2769,2770,2818
2819,2771,2818,2819,2820
2820,2771,2772,2819,2820,2821
2821,2820,2821
2822,2774,2822
2823,2823,2824
2824,2823,2824
2825,2825
2826,2826,2827,2874
2827,2826,2827,2828,2875,2876
2828,2827,2828,2876
2829,2781,2829
2830,2830
2831,2783,2831
2839,2839
2840,2792,2840
2841,2793,2841,2842,2889
2842,2841,2842,2889
2843,2843
2844,2844,2845,2892
2845,2797,2798,2844,2845,2892,2893
2846,2846,2894
2847,2847,2848,2895
2848,2800,2847,2848,2896
2849,2849
2850,2849,2850,2851
2851,2850,2851
2852,2852
2853,2853
2854,2853,2854
2855,2855
2856,2856,2904
2857,2857,2858,2905,2906
2858,2811,2857,2858,2859,2906
2859,2811,2858,2859,2860
2860,2859,2860,2907
2866,2866
2867,2867
2868,2868
2873,2873
2874,2826,2874,2875
2875,2827,2874,2875,2876
2876,2827,2828,2875,2876
2884,2884
2887,2887,2935
2888,2888
2889,2841,2842,2889
2890,2890
2891,2891
2892,2844,2845,2892
2893,2845,2893
2894,2846,2894
2895,2847,2895,2896
2896,2895,2896,2944
2897,2897
2898,2898,2899,2946
2899,2898,2899
2900,2900,2901
2901,2900,2901
2902,2902
2903,2903,2951
2904,2856,2904
2905,2857,2905
2906,2857,2858,2906,2954
2907,2860,2907
2932,2932
2933,2933
2934,2887,2935
2935,2887,2935
2936,2936
2937,2937
2938,2938
2939,2939,2987
2940,2940
2941,2941,2942,2989
2942,2941,2942
2943,2943
2944,2896,2897,2944,2945,2992
2945,2897,2944,2945,2946
2946,2898,2945,2946
2947,2947,2948
2948,2947,2948,2949
2949,2948,2949,2950,2997
2950,2949,2950,2998
2951,2903,2951,2999
2952,2952,2953
2953,2952,2953,3001
2954,2906,2954
2955,2955
296,296
2979,2979
298,298,299
2980,2980,3027
2981,2981
2982,2982
2983,2983,3031
2984,2984
2985,2985
2986,2986,2987
2987,2939,2986,2987
2988,2988,3036
2989,2941,2989,3037
299,251,298,299
2990,2990,2991
2991,2990,2991
2992,2944,2992
2993,2993,3041
2994,2994
2995,2995
2996,2996
2997,2949,2997
2998,2950,2998
2999,2951,2999
300,300
3000,3000,3001
3001,2953,3000,3001,3002
3002,3001,3002,3003,3050,3051
3003,3002,3003,3051
301,300
302,349,397,445
3027,2980,3027,3028
3028,3027,3028
3029,3029,3076,3077
303,351,399,447
3030,3030
3031,2983,3031,3032
3032,3032
3033,3033,3081
3034,3034,3035
3035,3034,3035
3036,2988,3036
3037,2989,3037
3038,3038
3039,3039
3040,3040
3041,2993,3041
3042,3042,3043
3043,3042,3043
3044,3044
3045,3045
3046,3046
3047,3047
3048,3048
3049,3049
3050,3002,3050,3051
3051,3002,3003,3050,3051,3099
306,355
307,355
3074,3074
3075,3075
3076,3029,3076,3077,3124
3077,3029,3076,3077
3078,3078
3079,3079
308,355
3080,3080
3081,3033,3081
3082,3082,3083
3083,3082,3083
3084,3084,3131
3085,3085
3087,3039
3090,3090,3091
3091,3090,3091
3092,3092
3093,3093
3094,3094,3142
3095,3095
3096,3096
3097,3097
3098,3098,3099
3099,3051,3098,3099
3122,3122
3123,3123
3124,3076,3124
3125,3077,3125
3126,3126
3127,3127
3128,3128
3129,3129,3177
3130,3130
3131,3131
3132,3131,3132
3133,3133
3137,3137
3142,3094,3142
3143,3095,3143,3144
3144,3095,3144
3145,3145
3146,3146
3147,3147,3195
3170,3170,3171
3171,3171
3172,3172
3173,3173
3174,3174
3175,3175
3176,3176,3177
3177,3129,3176,3177,3178,3225
3178,3177,3178
3179,3179
3180,3180
3191,3288
3193,3193
3194,3194,3242
3195,3147,3195
3220,3220
3222,3222
3223,3223
3224,3224
3225,3177,3225
3226,3226
3227,3227
3240,3288
3241,3241,3242
3242,3241,3242
3243,3243
3271,3271
3272,3272
3273,3273
3274,3274
3275,3275
3288,3288
3289,3289
3290,3290
3291,3291
3338,3339
3339,3339,3387
3340,3339,3340,3387,3388
3386,3386
3387,3387
3388,3339,3387,3388
3389,3339,3387,3388
343,343
3436,3436
3437,3436
3438,3486
344,344
345,345,393
346,346
347,347
348,348
3485,3485
3486,3486
349,349,397,445
350,349,397,445
351,351,399,447
353,401,449
354,355,403,404
355,355
357,405
358,405
388,388
389,389
390,390
392,392
393,345,393
394,394
395,395
396,348
397,397,445
398,349,397,445
399,399,447
400,400
401,401,449
402,403,404
403,403,404
404,403,404,405
405,404,405
406,405
436,436
437,437
438,438,485
440,440
441,441
442,442
443,443,491
444,444
445,397,445,492,493
446,446
447,399,447
448,448
449,401,449
450,401,449
452,452,500
453,453
454,453
484,484
485,485
486,486,534
487,487,534
488,488
489,489
490,490
491,443,491
492,445,492,493
493,445,492,493
494,494
495,495
499,500
500,452,500
501,501,549
502,501,549
503,551
532,532
533,533
534,487,534,582
535,535
536,536
537,537
538,538
539,539
540,540
541,541
542,542
543,543
544,544,545,591
545,544,545
546,544,545,546
547,595
549,501,549
550,501,549
551,551
580,580
581,581
582,534,582
583,583
584,584
585,585
586,586
587,587
588,588
589,589
590,590,639
591,544,591
592,592,593,640
593,592,593
594,595
595,595,643
596,596
597,597,645
598,598
599,599
628,628
631,631
632,632
633,633
634,634
635,635
636,636
638,638,639
639,639
640,592,640
641,641
642,642
643,595,643
644,644
645,597,645
646,646
647,647
679,679,727
680,680
681,681
682,682
683,683
684,684
685,685
686,686
687,687
688,688
689,641,689
690,690
691,691,739
692,692,693
693,692,693
694,694
727,679,727
728,728
729,729,777
730,730
731,731
732,732
733,733
734,734
735,735
736,736
737,737
738,738,739
739,691,738,739
740,740,741
741,740,741
742,742
743,743
775,775
776,776
777,729,777,825
778,778
779,779
780,780
781,781,782,829,830
782,781,782,830
783,783
784,784
785,785
786,786
787,787
788,788
789,789,837
790,742,790
823,823,824
824,823,824
825,777,825
826,826
827,827
828,828
829,781,829,830
830,781,782,829,830,878
831,831
832,832
833,833
834,834
835,835,836
836,835,836
837,789,837,885
838,885
871,871
872,872
873,873
874,874
875,875,876
876,875,876
877,877
878,830,878
879,879,927
880,880
881,881
882,882
883,883
884,835,836
885,837,885
921,921
922,922
923,923
924,924
925,925,926,973
926,925,926
927,879,927
928,928
929,929
930,930
931,931
932,979
969,969
970,970
971,971,972
972,1020,971,972,973
973,1021,925,972,973
974,1022,974
975,975
976,976
977,977
978,978
979,979,980
980,979,980
